{"discounted_reward": 203.84561180063673, "cumulative_reward": 363, "episode_reward": 38, "_timestamp": 1723603846.4637694, "_runtime": 1.46211838722229, "_step": 9, "_wandb": {"runtime": 1}}