{"discounted_reward": 0.0, "cumulative_reward": 0.0, "episode_reward": 0.0, "_timestamp": 1723690507.5182157, "_runtime": 1.7186856269836426, "_step": 999, "_wandb": {"runtime": 1}}