{"discounted_reward": 46.69770386554965, "cumulative_reward": 78, "episode_reward": 8, "_timestamp": 1723628860.9158587, "_runtime": 82.21597981452942, "_step": 10, "normalized_rewards": -1.2820512820512822, "_wandb": {"runtime": 80}}