{"discounted_reward": 297.6251228544392, "cumulative_reward": 520, "episode_reward": 56, "_timestamp": 1723593445.1098886, "_runtime": 1.2633435726165771, "_step": 9, "_wandb": {"runtime": 2}}