{"discounted_reward": 168.62704326089604, "cumulative_reward": 269, "episode_reward": 90, "episode_discount_reward": 56.88126653538607, "_timestamp": 1723774808.2384796, "_runtime": 22.696234703063965, "_step": 2, "_wandb": {"runtime": 22}}