{"discounted_reward": 85.8045128273269, "cumulative_reward": 150, "episode_reward": 13, "_timestamp": 1723619926.3804872, "_runtime": 52.61617922782898, "_step": 2, "_wandb": {"runtime": 73}}