{"discounted_returns": 0.11141218802390909, "_timestamp": 1723709740.692242, "_runtime": 8.551581859588623, "_step": 9, "total_loss": 8.951074679163284, "_wandb": {"runtime": 8}}