{"discounted_reward": 502.8314172775558, "cumulative_reward": 886, "episode_reward": 88, "_timestamp": 1723657180.579251, "_runtime": 82.68707299232483, "_step": 10, "normalized_rewards": 0.8276595744680851, "_wandb": {"runtime": 79}}