{"discounted_reward": 566.782224466034, "cumulative_reward": 995, "episode_reward": 100, "_timestamp": 1723581538.7312264, "_runtime": 5.4365553855896, "_step": 9, "_wandb": {"runtime": 0}}