{"discounted_returns": 0.0, "_timestamp": 1723745157.1060555, "_runtime": 11.939396381378174, "_step": 443, "total_loss": 0.48155140640281735, "_wandb": {"runtime": 11}}