{"discounted_reward": 293.5957481990828, "cumulative_reward": 516, "episode_reward": 47, "_timestamp": 1723655145.982593, "_runtime": 1.4818580150604248, "_step": 9, "_wandb": {"runtime": 0}}