{"discounted_returns": 4.7769699430871, "_timestamp": 1723722808.348396, "_runtime": 1046.4763569831848, "_step": 1999, "total_loss": 0.8703329212525525, "_wandb": {"runtime": 1045}}