{"discounted_returns": 0.11749829477852078, "_timestamp": 1723704653.8476787, "_runtime": 100.40894770622253, "_step": 217, "total_loss": 0.1076363436702774, "_wandb": {"runtime": 99}}