{"discounted_returns": 4.9835257209997685, "_timestamp": 1723735510.8902402, "_runtime": 96.22328209877014, "_step": 4873, "total_loss": 0.8413639563849796, "_wandb": {"runtime": 95}}