{"discounted_reward": 251.49414757651527, "cumulative_reward": 458, "episode_reward": 57, "_timestamp": 1723596442.4627755, "_runtime": 1.1182353496551514, "_step": 9, "_wandb": {"runtime": 0}}