{"discounted_reward": 300.4232599617861, "cumulative_reward": 522, "episode_reward": 50, "_timestamp": 1723660851.6596267, "_runtime": 3.2698206901550293, "_step": 9, "_wandb": {"runtime": 0}}