{"discounted_reward": 416.5577235950421, "cumulative_reward": 656, "episode_reward": 61, "episode_discount_reward": 38.50745544540299, "_timestamp": 1723779764.9889812, "_runtime": 130.2685673236847, "_step": 9, "_wandb": {"runtime": 129}}