{"discounted_reward": 456.9970635647384, "cumulative_reward": 802, "episode_reward": 84, "_timestamp": 1723593728.7633283, "_runtime": 1.5033972263336182, "_step": 9, "_wandb": {"runtime": 0}}