{"discounted_reward": 414.39017820205424, "cumulative_reward": 725, "episode_reward": 73, "_timestamp": 1723626855.3774533, "_runtime": 1.527245283126831, "_step": 9, "_wandb": {"runtime": 1}}