{"discounted_reward": 521.6258406057166, "cumulative_reward": 913, "episode_reward": 90, "_timestamp": 1723659244.870589, "_runtime": 2.7192440032958984, "_step": 9, "_wandb": {"runtime": 0}}