{"discounted_reward": 513.5093248719544, "cumulative_reward": 901, "episode_reward": 90, "_timestamp": 1723622224.972874, "_runtime": 1.510303020477295, "_step": 9, "_wandb": {"runtime": 0}}