{"discounted_reward": 333.8709476933264, "cumulative_reward": 590, "episode_reward": 67, "_timestamp": 1723594692.6455164, "_runtime": 1.7063374519348145, "_step": 9, "_wandb": {"runtime": 0}}