{"discounted_returns": 3.734424356280103, "_timestamp": 1723678111.9066525, "_runtime": 928.1726853847504, "_step": 499, "total_loss": 0.5583258903597718, "_wandb": {"runtime": 926}}