{"discounted_reward": 15.536766788661831, "cumulative_reward": 28, "episode_reward": 2, "_timestamp": 1723594447.137083, "_runtime": 236.7792661190033, "_step": 10, "normalized_rewards": -1.2705882352941176, "_wandb": {"runtime": 234}}