{"discounted_reward": 269.1622637012892, "cumulative_reward": 477, "episode_reward": 53, "_timestamp": 1723670693.4787652, "_runtime": 100.25861930847168, "_step": 10, "normalized_rewards": -0.1509433962264151, "_wandb": {"runtime": 98}}