{"discounted_reward": 341.99096112750124, "cumulative_reward": 612, "episode_reward": 66, "_timestamp": 1723612838.935234, "_runtime": 211.5740101337433, "_step": 10, "normalized_rewards": 0.27386934673366836, "_wandb": {"runtime": 209}}