{"discounted_reward": 487.7752979013288, "cumulative_reward": 865, "episode_reward": 92, "_timestamp": 1723669294.7191112, "_runtime": 1.4931681156158447, "_step": 9, "_wandb": {"runtime": 0}}