{"discounted_reward": 384.66144198186635, "cumulative_reward": 684, "episode_reward": 72, "_timestamp": 1723671652.5137904, "_runtime": 2.3209214210510254, "_step": 9, "_wandb": {"runtime": 0}}