{"discounted_reward": 557.0768303853156, "cumulative_reward": 977, "episode_reward": 99, "_timestamp": 1723630914.4661977, "_runtime": 81.33720183372498, "_step": 10, "normalized_rewards": 0.9978540772532188, "_wandb": {"runtime": 79}}