{"discounted_returns": 1.1983891271319351, "_timestamp": 1723743988.2592711, "_runtime": 58.12251615524292, "_step": 2655, "total_loss": 0.5654006341909494, "_wandb": {"runtime": 54}}