{"discounted_reward": 567.6509243174959, "cumulative_reward": 992, "episode_reward": 97, "_timestamp": 1723654449.9541717, "_runtime": 2.3102457523345947, "_step": 9, "_wandb": {"runtime": 0}}