{"train_loss": 2663.0625, "_timestamp": 1723622143.0617259, "_runtime": 580.9133968353271, "_step": 39, "_wandb": {"runtime": 594}}