{"discounted_returns": 0.10654979273295889, "_timestamp": 1723700375.7781236, "_runtime": 362.29204273223877, "_step": 243, "total_loss": 0.0985154971764798, "_wandb": {"runtime": 361}}