{"discounted_reward": 294.148042927174, "cumulative_reward": 510, "episode_reward": 42, "_timestamp": 1723629957.8396585, "_runtime": 2.3359405994415283, "_step": 9, "_wandb": {"runtime": 0}}