{"discounted_reward": 327.08387861591507, "cumulative_reward": 569, "episode_reward": 53, "_timestamp": 1723663822.151248, "_runtime": 91.40793895721436, "_step": 10, "normalized_rewards": 0.09941520467836257, "_wandb": {"runtime": 89}}