{"discounted_returns": 0.11640613866803858, "_timestamp": 1723706057.6272192, "_runtime": 72.97438430786133, "_step": 161, "total_loss": 0.2534056079479962, "_wandb": {"runtime": 71}}