{"discounted_reward": 241.155775780765, "cumulative_reward": 381, "episode_reward": 90, "episode_discount_reward": 56.42503249222289, "_timestamp": 1723774679.8408775, "_runtime": 57.62544846534729, "_step": 3, "_wandb": {"runtime": 58}}