{"discounted_reward": 311.9164172328466, "cumulative_reward": 561, "episode_reward": 64, "_timestamp": 1723671865.9108806, "_runtime": 99.58543348312378, "_step": 10, "normalized_rewards": 0.4810126582278481, "_wandb": {"runtime": 97}}