{"discounted_reward": 0.0, "cumulative_reward": 0.0, "episode_reward": 0.0, "_timestamp": 1723691193.4383314, "_runtime": 1.5326833724975586, "_step": 999, "_wandb": {"runtime": 1}}