{"discounted_reward": 336.50977796783354, "cumulative_reward": 594, "episode_reward": 62, "_timestamp": 1723628647.3232892, "_runtime": 81.328782081604, "_step": 10, "normalized_rewards": 0.32142857142857145, "_wandb": {"runtime": 79}}