{"discounted_reward": 298.1069484002285, "cumulative_reward": 520, "episode_reward": 51, "_timestamp": 1723627904.0455892, "_runtime": 2.3192451000213623, "_step": 9, "_wandb": {"runtime": 0}}