{"discounted_returns": 0.6889243132299362, "_timestamp": 1723743608.684526, "_runtime": 2075.344650030136, "_step": 99999, "total_loss": 0.48067040992957166, "_wandb": {"runtime": 2073}}