{"discounted_reward": 268.27979357234176, "cumulative_reward": 465, "episode_reward": 41, "_timestamp": 1723604744.3158832, "_runtime": 1.3026251792907715, "_step": 9, "_wandb": {"runtime": 0}}