{"discounted_returns": 6.014933511579659, "_timestamp": 1723732812.4161243, "_runtime": 56.029486417770386, "_step": 133, "total_loss": 0.8503984321945228, "_wandb": {"runtime": 54}}