{"discounted_reward": 305.137768088317, "cumulative_reward": 529, "episode_reward": 52, "_timestamp": 1723669276.3630972, "_runtime": 95.88186311721802, "_step": 10, "normalized_rewards": 0.015384615384615385, "_wandb": {"runtime": 94}}