{"discounted_reward": 293.67098051290736, "cumulative_reward": 503, "episode_reward": 42, "_timestamp": 1723669908.0165951, "_runtime": 100.94409203529358, "_step": 10, "normalized_rewards": -0.011764705882352941, "_wandb": {"runtime": 99}}