{"discounted_reward": 570.1322753522833, "cumulative_reward": 999, "episode_reward": 100, "_timestamp": 1723637642.851859, "_runtime": 1.2603611946105957, "_step": 9, "_wandb": {"runtime": 0}}