{"discounted_reward": 553.6266531100889, "cumulative_reward": 967, "episode_reward": 94, "_timestamp": 1723657086.4721107, "_runtime": 1.4427907466888428, "_step": 9, "_wandb": {"runtime": 0}}