{"discounted_returns": 0.1036378352780564, "_timestamp": 1723704519.5728953, "_runtime": 362.3534333705902, "_step": 63, "total_loss": 0.22020432764978723, "_wandb": {"runtime": 361}}