{"discounted_reward": 55.49616184419568, "cumulative_reward": 107, "episode_reward": 11, "_timestamp": 1723630157.1387165, "_runtime": 80.90239834785461, "_step": 10, "normalized_rewards": -0.8292181069958847, "_wandb": {"runtime": 78}}