{"discounted_reward": 0.0, "cumulative_reward": 0.0, "episode_reward": 0.0, "_timestamp": 1723691574.7862666, "_runtime": 1.5279054641723633, "_step": 999, "_wandb": {"runtime": 1}}