{"discounted_returns": 3.480595268554779, "_timestamp": 1723731620.298777, "_runtime": 16.30819821357727, "_step": 21, "total_loss": 7.687176596508785, "_wandb": {"runtime": 15}}