{"discounted_reward": 209.7569713441052, "cumulative_reward": 376, "episode_reward": 38, "_timestamp": 1723605711.0240037, "_runtime": 3.4875738620758057, "_step": 9, "_wandb": {"runtime": 1}}