{"discounted_reward": 257.3104377372856, "cumulative_reward": 449, "episode_reward": 47, "_timestamp": 1723670703.0655236, "_runtime": 2.333010673522949, "_step": 9, "_wandb": {"runtime": 0}}