{"discounted_reward": 327.61542845503607, "cumulative_reward": 512, "episode_reward": 46, "episode_discount_reward": 29.160980912658662, "_timestamp": 1723780153.7006075, "_runtime": 151.5204734802246, "_step": 9, "_wandb": {"runtime": 149}}