{"discounted_reward": 302.58212000955825, "cumulative_reward": 525, "episode_reward": 49, "_timestamp": 1723597958.065496, "_runtime": 240.4757490158081, "_step": 10, "normalized_rewards": -0.1752873563218391, "_wandb": {"runtime": 238}}