{"discounted_reward": 291.9824406114555, "cumulative_reward": 516, "episode_reward": 56, "_timestamp": 1723628322.767208, "_runtime": 81.9879641532898, "_step": 10, "normalized_rewards": 0.0, "_wandb": {"runtime": 79}}