{"discounted_returns": 0.020977497150102453, "_timestamp": 1723677156.7950757, "_runtime": 94.80433773994446, "_step": 47, "total_loss": 0.368587276671711, "_wandb": {"runtime": 96}}