{"discounted_reward": 0.0, "cumulative_reward": 0, "episode_reward": 0, "_timestamp": 1723692190.944986, "_runtime": 5.8236072063446045, "_step": 999, "_wandb": {"runtime": 8}}