{"discounted_reward": 234.0923889812129, "cumulative_reward": 408, "episode_reward": 40, "_timestamp": 1723659470.7750218, "_runtime": 106.46704888343811, "_step": 10, "normalized_rewards": -0.1938534278959811, "_wandb": {"runtime": 103}}