{"discounted_reward": 179.4478368664142, "cumulative_reward": 333, "episode_reward": 45, "_timestamp": 1723664507.744034, "_runtime": 82.62218308448792, "_step": 8, "_wandb": {"runtime": 88}}