{"train_loss": 2371.211181640625, "_timestamp": 1723668440.1855254, "_runtime": 1495.3372855186462, "_step": 99, "_wandb": {"runtime": 1509}}