{"discounted_returns": 0.10458603836727726, "_timestamp": 1723701126.2500935, "_runtime": 736.1115744113922, "_step": 499, "total_loss": 0.1120967604142861, "_wandb": {"runtime": 735}}