{"discounted_reward": 60.87275045461643, "cumulative_reward": 98, "episode_reward": 0, "_timestamp": 1723652277.6363907, "_runtime": 81.35313677787781, "_step": 10, "normalized_rewards": -0.7598425196850394, "_wandb": {"runtime": 79}}