{"discounted_reward": 561.7061335655283, "cumulative_reward": 983, "episode_reward": 98, "_timestamp": 1723637854.2917366, "_runtime": 1.675886631011963, "_step": 9, "_wandb": {"runtime": 0}}