{"discounted_reward": 141.70961746873726, "cumulative_reward": 239, "episode_reward": 12, "_timestamp": 1723613047.4333642, "_runtime": 198.98341417312622, "_step": 10, "normalized_rewards": -0.6633165829145728, "_wandb": {"runtime": 196}}