{"discounted_reward": 22.639000115885842, "cumulative_reward": 38, "episode_reward": 4, "_timestamp": 1723638384.365974, "_runtime": 84.5948748588562, "_step": 10, "normalized_rewards": -0.9765957446808511, "_wandb": {"runtime": 77}}