{"train_loss": 7899.701171875, "_timestamp": 1723616138.4839413, "_runtime": 4.67929220199585, "_step": 0, "_wandb": {"runtime": 30}}