{"discounted_reward": 543.6461233235854, "cumulative_reward": 950, "episode_reward": 93, "_timestamp": 1723587649.9797163, "_runtime": 231.23866438865662, "_step": 10, "normalized_rewards": -6.983870967741935, "_wandb": {"runtime": 229}}