{"discounted_reward": 66.81991894437536, "cumulative_reward": 118, "episode_reward": 11, "_timestamp": 1723605977.2196403, "_runtime": 232.51357626914978, "_step": 10, "normalized_rewards": -0.5088757396449705, "_wandb": {"runtime": 230}}