{"discounted_returns": 1.7103983960571667, "_timestamp": 1723735722.9269872, "_runtime": 140.63627815246582, "_step": 7115, "total_loss": 0.6763565754426115, "_wandb": {"runtime": 139}}