{"discounted_reward": 513.9116984469356, "cumulative_reward": 912, "episode_reward": 91, "_timestamp": 1723656755.0643845, "_runtime": 79.3438835144043, "_step": 10, "normalized_rewards": 0.8482905982905983, "_wandb": {"runtime": 77}}