{"discounted_reward": 169.63925923855408, "cumulative_reward": 315, "episode_reward": 53, "_timestamp": 1723661964.5484471, "_runtime": 193.75817704200745, "_step": 6, "_wandb": {"runtime": 193}}