{"discounted_reward": 354.7999776549458, "cumulative_reward": 614, "episode_reward": 56, "_timestamp": 1723625459.1552145, "_runtime": 86.64767360687256, "_step": 10, "normalized_rewards": 0.2725060827250608, "_wandb": {"runtime": 84}}