{"discounted_reward": 567.6509243174959, "cumulative_reward": 992, "episode_reward": 97, "_timestamp": 1723636344.8991315, "_runtime": 1.4324336051940918, "_step": 9, "_wandb": {"runtime": 0}}