{"discounted_reward": 289.0458372200874, "cumulative_reward": 503, "episode_reward": 45, "_timestamp": 1723630589.667873, "_runtime": 2.8716750144958496, "_step": 9, "_wandb": {"runtime": 0}}