{"discounted_reward": 428.62735978544674, "cumulative_reward": 761, "episode_reward": 84, "_timestamp": 1723669800.2913957, "_runtime": 2.332394599914551, "_step": 9, "_wandb": {"runtime": 0}}