{"discounted_reward": 521.6842448478246, "cumulative_reward": 913, "episode_reward": 90, "_timestamp": 1723665218.4482825, "_runtime": 1.2864375114440918, "_step": 9, "_wandb": {"runtime": 1}}