{"discounted_reward": 291.93021520951055, "cumulative_reward": 508, "episode_reward": 48, "_timestamp": 1723661466.4670894, "_runtime": 2.48897647857666, "_step": 9, "_wandb": {"runtime": 0}}