{"discounted_reward": 325.12096507760157, "cumulative_reward": 570, "episode_reward": 59, "_timestamp": 1723665077.9489849, "_runtime": 99.19786477088928, "_step": 10, "normalized_rewards": 0.11988304093567251, "_wandb": {"runtime": 97}}