{"discounted_reward": 564.9975217115342, "cumulative_reward": 989, "episode_reward": 97, "_timestamp": 1723578118.029696, "_runtime": 227.93827509880066, "_step": 10, "normalized_rewards": 1.0, "_wandb": {"runtime": 227}}