{"discounted_reward": 298.5485344437749, "cumulative_reward": 523, "episode_reward": 48, "_timestamp": 1723659681.6944342, "_runtime": 1.3798441886901855, "_step": 9, "_wandb": {"runtime": 0}}