{"discounted_reward": 312.6109252387173, "cumulative_reward": 535, "episode_reward": 49, "_timestamp": 1723663698.873964, "_runtime": 1.3126521110534668, "_step": 9, "_wandb": {"runtime": 0}}