{"discounted_returns": 11.187172588950789, "_timestamp": 1723745950.101299, "_runtime": 384.9761950969696, "_step": 19999, "total_loss": 1.0363257828724284, "_wandb": {"runtime": 383}}