{"discounted_reward": 277.08274579175145, "cumulative_reward": 489, "episode_reward": 49, "_timestamp": 1723637832.2009451, "_runtime": 2.552903175354004, "_step": 9, "_wandb": {"runtime": 1}}