{"discounted_reward": 267.8216030513081, "cumulative_reward": 472, "episode_reward": 45, "_timestamp": 1723657826.6894078, "_runtime": 3.150744915008545, "_step": 9, "_wandb": {"runtime": 0}}