{"discounted_reward": 324.6719508005233, "cumulative_reward": 570, "episode_reward": 59, "_timestamp": 1723593671.5256572, "_runtime": 1.312303066253662, "_step": 9, "_wandb": {"runtime": 0}}