{"discounted_reward": 50.33971423976631, "cumulative_reward": 95, "episode_reward": 13, "_timestamp": 1723595199.1375797, "_runtime": 225.00477170944214, "_step": 10, "normalized_rewards": 1.5517241379310345, "_wandb": {"runtime": 223}}