{"discounted_returns": 9.93330030869443, "_timestamp": 1723733049.26475, "_runtime": 220.2297339439392, "_step": 607, "total_loss": 0.8974918621085994, "_wandb": {"runtime": 219}}