{"discounted_reward": 280.3766663786686, "cumulative_reward": 490, "episode_reward": 50, "_timestamp": 1723578362.7438846, "_runtime": 2.1193206310272217, "_step": 9, "_wandb": {"runtime": 1}}