{"discounted_reward": 220.71354405508612, "cumulative_reward": 393, "episode_reward": 43, "_timestamp": 1723626831.3080542, "_runtime": 2.3296821117401123, "_step": 9, "_wandb": {"runtime": 0}}