{"discounted_reward": 270.03115708374855, "cumulative_reward": 478, "episode_reward": 47, "_timestamp": 1723670925.47159, "_runtime": 2.018850088119507, "_step": 9, "_wandb": {"runtime": 1}}