{"discounted_reward": 554.2288957999423, "cumulative_reward": 971, "episode_reward": 98, "_timestamp": 1723622788.0814366, "_runtime": 1.4457736015319824, "_step": 9, "_wandb": {"runtime": 1}}