{"discounted_returns": 0.0, "_timestamp": 1723731967.819375, "_runtime": 40.94716691970825, "_step": 95, "total_loss": 0.07904802497092665, "_wandb": {"runtime": 40}}