{"discounted_reward": 406.5828358983521, "cumulative_reward": 633, "episode_reward": 58, "episode_discount_reward": 38.498505781214256, "_timestamp": 1723780650.0126832, "_runtime": 84.2236111164093, "_step": 9, "_wandb": {"runtime": 82}}