{"discounted_reward": 0.0, "cumulative_reward": 0, "episode_reward": 0, "_timestamp": 1723695454.053237, "_runtime": 108.11750197410583, "_step": 150, "_wandb": {"runtime": 105}}