{"discounted_reward": 284.02022220301893, "cumulative_reward": 504, "episode_reward": 51, "_timestamp": 1723577868.3436012, "_runtime": 2.309399127960205, "_step": 9, "_wandb": {"runtime": 0}}