{"discounted_reward": 628.4098111444981, "cumulative_reward": 992, "episode_reward": 100, "episode_discount_reward": 63.39676587267702, "_timestamp": 1723773853.2431874, "_runtime": 119.25517439842224, "_step": 9, "_wandb": {"runtime": 118}}