{"discounted_returns": 18.148156948583754, "_timestamp": 1723741520.8594615, "_runtime": 2056.366851568222, "_step": 99999, "total_loss": 1.0006346039732406, "_wandb": {"runtime": 2055}}