{"discounted_reward": 149.01339510288366, "cumulative_reward": 264, "episode_reward": 28, "_timestamp": 1723594164.7359629, "_runtime": 212.73111581802368, "_step": 10, "normalized_rewards": -1.4454545454545455, "_wandb": {"runtime": 211}}