{"discounted_reward": 72.137388401074, "cumulative_reward": 198, "episode_reward": 84, "_timestamp": 1723620990.2388148, "_runtime": 20.345338821411133, "_step": 2, "_wandb": {"runtime": 21}}