{"train_loss": 199.1041259765625, "_timestamp": 1723772853.1343677, "_runtime": 938.1212916374207, "_step": 49, "_wandb": {"runtime": 956}}