{"discounted_reward": 301.99236177486307, "cumulative_reward": 524, "episode_reward": 52, "_timestamp": 1723662719.8398309, "_runtime": 1.7471139430999756, "_step": 9, "_wandb": {"runtime": 0}}