{"discounted_reward": 267.89129589037066, "cumulative_reward": 474, "episode_reward": 50, "_timestamp": 1723658454.5255384, "_runtime": 97.9808554649353, "_step": 10, "normalized_rewards": -0.11898016997167139, "_wandb": {"runtime": 96}}