{"discounted_reward": 417.1308337119494, "cumulative_reward": 748, "episode_reward": 88, "_timestamp": 1723670712.3913896, "_runtime": 1.7935686111450195, "_step": 9, "_wandb": {"runtime": 0}}