{"discounted_returns": 1.8202420533085464, "_timestamp": 1723737383.2512696, "_runtime": 152.38597464561462, "_step": 7791, "total_loss": 0.700676786482538, "_wandb": {"runtime": 151}}