{"discounted_reward": 479.4911777752596, "cumulative_reward": 841, "episode_reward": 79, "_timestamp": 1723607241.3889935, "_runtime": 235.1927134990692, "_step": 10, "normalized_rewards": 0.9204301075268817, "_wandb": {"runtime": 232}}