{"discounted_reward": 180.60402411926145, "cumulative_reward": 308, "episode_reward": 19, "_timestamp": 1723579895.3763697, "_runtime": 249.4032428264618, "_step": 10, "normalized_rewards": -0.4094650205761317, "_wandb": {"runtime": 247}}