{"discounted_returns": 0.15888482900905687, "_timestamp": 1723708759.7624638, "_runtime": 12.566012859344482, "_step": 19, "total_loss": 1.7146396453460329, "_wandb": {"runtime": 11}}