{"train_loss": 6864.2353515625, "_timestamp": 1723616445.40463, "_runtime": 108.739501953125, "_step": 3, "_wandb": {"runtime": 118}}