{"discounted_reward": 323.07357849466274, "cumulative_reward": 554, "episode_reward": 48, "_timestamp": 1723657711.2146347, "_runtime": 103.06117463111877, "_step": 10, "normalized_rewards": 0.15529411764705883, "_wandb": {"runtime": 101}}