{"discounted_returns": 0.12688697421521097, "_timestamp": 1723704124.7137024, "_runtime": 71.12135648727417, "_step": 11, "total_loss": 0.6703353968089747, "_wandb": {"runtime": 73}}