{"discounted_reward": 565.3068048312065, "cumulative_reward": 991, "episode_reward": 100, "_timestamp": 1723578610.9182484, "_runtime": 223.77159643173218, "_step": 10, "normalized_rewards": 0.9862204724409449, "_wandb": {"runtime": 221}}