{"discounted_reward": 295.6161539788299, "cumulative_reward": 515, "episode_reward": 49, "_timestamp": 1723656643.2914805, "_runtime": 3.9214155673980713, "_step": 9, "_wandb": {"runtime": 1}}