{"discounted_reward": 6.038649982474476, "cumulative_reward": 10, "episode_reward": 1, "_timestamp": 1723636863.1630898, "_runtime": 81.28408169746399, "_step": 10, "normalized_rewards": -1.0847457627118644, "_wandb": {"runtime": 79}}