{"discounted_returns": 0.08519375834738795, "_timestamp": 1723707364.2312353, "_runtime": 12.953031301498413, "_step": 21, "total_loss": 1.3190849017489448, "_wandb": {"runtime": 11}}