{"discounted_reward": 462.3283746804264, "cumulative_reward": 817, "episode_reward": 88, "_timestamp": 1723636738.7823915, "_runtime": 82.8586905002594, "_step": 10, "normalized_rewards": 0.6554455445544555, "_wandb": {"runtime": 80}}