{"discounted_reward": 285.8896722481494, "cumulative_reward": 512, "episode_reward": 58, "_timestamp": 1723613955.919226, "_runtime": 1.3528869152069092, "_step": 9, "_wandb": {"runtime": 1}}