{"discounted_reward": 274.2565566183217, "cumulative_reward": 493, "episode_reward": 55, "_timestamp": 1723655362.877813, "_runtime": 2.297844171524048, "_step": 9, "_wandb": {"runtime": 0}}