{"discounted_reward": 539.4296925768227, "cumulative_reward": 928, "episode_reward": 89, "_timestamp": 1723656544.4507864, "_runtime": 79.56828927993774, "_step": 10, "normalized_rewards": 0.8498942917547568, "_wandb": {"runtime": 77}}