{"discounted_reward": 290.34675132649744, "cumulative_reward": 516, "episode_reward": 58, "_timestamp": 1723669284.5869644, "_runtime": 2.118302345275879, "_step": 9, "_wandb": {"runtime": 0}}