{"discounted_reward": 563.4182920310676, "cumulative_reward": 983, "episode_reward": 96, "_timestamp": 1723629126.8157985, "_runtime": 1.313004493713379, "_step": 9, "_wandb": {"runtime": 0}}