{"discounted_reward": 285.78022005800665, "cumulative_reward": 496, "episode_reward": 50, "_timestamp": 1723627692.6031718, "_runtime": 2.337366819381714, "_step": 9, "_wandb": {"runtime": 0}}