{"discounted_reward": 327.43258825849796, "cumulative_reward": 610, "episode_reward": 95, "_timestamp": 1723577329.4004662, "_runtime": 166.48546624183655, "_step": 7, "_wandb": {"runtime": 176}}