{"discounted_reward": 567.6509243174959, "cumulative_reward": 992, "episode_reward": 97, "_timestamp": 1723652639.6103947, "_runtime": 2.097425699234009, "_step": 9, "_wandb": {"runtime": 0}}