{"discounted_reward": 124.7192026372137, "cumulative_reward": 223, "episode_reward": 24, "_timestamp": 1723625238.744779, "_runtime": 83.99656105041504, "_step": 10, "normalized_rewards": -0.3524590163934426, "_wandb": {"runtime": 82}}