{"discounted_reward": 166.2243339090353, "cumulative_reward": 279, "episode_reward": 39, "_timestamp": 1723658704.6657972, "_runtime": 97.77371430397034, "_step": 10, "normalized_rewards": -0.470873786407767, "_wandb": {"runtime": 96}}