{"discounted_returns": 0.515918555184577, "_timestamp": 1723678317.7068787, "_runtime": 13.795477628707886, "_step": 3, "total_loss": 1.2655445274739032, "_wandb": {"runtime": 14}}