{"discounted_reward": 536.8750667027235, "cumulative_reward": 933, "episode_reward": 85, "_timestamp": 1723656966.0639782, "_runtime": 80.21735715866089, "_step": 10, "normalized_rewards": 0.8727272727272727, "_wandb": {"runtime": 77}}