{"discounted_reward": 196.19894483164381, "cumulative_reward": 392, "episode_reward": 79, "_timestamp": 1723653876.7876534, "_runtime": 49.61699652671814, "_step": 4, "_wandb": {"runtime": 46}}