{"discounted_reward": 336.2373218938376, "cumulative_reward": 603, "episode_reward": 71, "_timestamp": 1723609001.2691166, "_runtime": 217.17571759223938, "_step": 10, "normalized_rewards": -0.003367003367003367, "_wandb": {"runtime": 215}}