{"discounted_reward": 302.39724925695407, "cumulative_reward": 522, "episode_reward": 49, "_timestamp": 1723654574.5479944, "_runtime": 1.3415563106536865, "_step": 9, "_wandb": {"runtime": 5}}