{"train_loss": 806.6180419921875, "_timestamp": 1723692821.062774, "_runtime": 9.965672016143799, "_step": 1, "_wandb": {"runtime": 9}}