{"discounted_reward": 323.07357849466274, "cumulative_reward": 554, "episode_reward": 48, "_timestamp": 1723659356.8154457, "_runtime": 103.59628176689148, "_step": 10, "normalized_rewards": 0.15130023640661938, "_wandb": {"runtime": 102}}