{"discounted_returns": 0.10915173358950186, "_timestamp": 1723708149.5828521, "_runtime": 402.9300870895386, "_step": 1011, "total_loss": 30.73009980822299, "_wandb": {"runtime": 401}}