{"discounted_reward": 291.4500472361587, "cumulative_reward": 507, "episode_reward": 48, "_timestamp": 1723579353.5754514, "_runtime": 2.317209482192993, "_step": 9, "_wandb": {"runtime": 0}}