{"discounted_returns": 3.2764229832350122, "_timestamp": 1723709867.4498506, "_runtime": 78.74673247337341, "_step": 165, "total_loss": 1.0592011872803222, "_wandb": {"runtime": 77}}