{"discounted_returns": 1.813598411898973, "_timestamp": 1723736013.1356778, "_runtime": 227.76748371124268, "_step": 11655, "total_loss": 0.7064663987574176, "_wandb": {"runtime": 226}}