{"discounted_reward": 0.0, "cumulative_reward": 0.0, "episode_reward": 0.0, "_timestamp": 1723691488.6822047, "_runtime": 5.0968286991119385, "_step": 999, "_wandb": {"runtime": 3}}