{"discounted_reward": 111.92343528449436, "cumulative_reward": 251, "episode_reward": 74, "_timestamp": 1723605018.711802, "_runtime": 112.26336193084717, "_step": 4, "_wandb": {"runtime": 130}}