{"discounted_returns": 11.186997066759314, "_timestamp": 1723749123.752995, "_runtime": 383.364413022995, "_step": 19999, "total_loss": 0.9139331893346052, "_wandb": {"runtime": 381}}