{"discounted_reward": 108.4196945870519, "cumulative_reward": 192, "episode_reward": 20, "_timestamp": 1723613565.1479402, "_runtime": 241.3647861480713, "_step": 10, "normalized_rewards": -0.4188911704312115, "_wandb": {"runtime": 239}}