{"discounted_returns": 0.07197566541591, "_timestamp": 1723674408.9990826, "_runtime": 152.98640656471252, "_step": 77, "total_loss": 1.1543114630978903, "_wandb": {"runtime": 147}}