{"discounted_returns": 10.505246901270382, "_timestamp": 1723687488.1243389, "_runtime": 504.05360674858093, "_step": 499, "total_loss": 0.9622505115828244, "_wandb": {"runtime": 502}}