{"discounted_reward": 414.39017820205424, "cumulative_reward": 725, "episode_reward": 73, "_timestamp": 1723609756.1759489, "_runtime": 1.3490707874298096, "_step": 9, "_wandb": {"runtime": 0}}