{"discounted_reward": 271.7131028438048, "cumulative_reward": 482, "episode_reward": 52, "_timestamp": 1723586177.8112447, "_runtime": 1.510915756225586, "_step": 9, "_wandb": {"runtime": 0}}