{"train_loss": 6563.0908203125, "_timestamp": 1723603597.7157683, "_runtime": 2106.3718342781067, "_step": 59, "_wandb": {"runtime": 2141}}