{"train_loss": 7478.591796875, "_timestamp": 1723600583.455669, "_runtime": 2100.5975999832153, "_step": 59, "_wandb": {"runtime": 2134}}