{"discounted_reward": 469.1673977464705, "cumulative_reward": 819, "episode_reward": 73, "_timestamp": 1723655569.0106843, "_runtime": 81.4555332660675, "_step": 10, "normalized_rewards": 0.6546184738955824, "_wandb": {"runtime": 79}}