{"discounted_reward": 67.01762954339333, "cumulative_reward": 108, "episode_reward": 11, "_timestamp": 1723630787.8070428, "_runtime": 77.21689677238464, "_step": 10, "normalized_rewards": -0.7995951417004049, "_wandb": {"runtime": 75}}