{"discounted_returns": 0.6640567801575918, "_timestamp": 1723684164.9969425, "_runtime": 19.42316460609436, "_step": 7, "total_loss": 0.9090184330439297, "_wandb": {"runtime": 18}}