{"discounted_reward": 550.5777689713349, "cumulative_reward": 964, "episode_reward": 96, "_timestamp": 1723607789.8230944, "_runtime": 1.2187793254852295, "_step": 9, "_wandb": {"runtime": 0}}