{"discounted_reward": 506.06495580269825, "cumulative_reward": 883, "episode_reward": 86, "_timestamp": 1723622436.1367307, "_runtime": 1.5278687477111816, "_step": 9, "_wandb": {"runtime": 0}}