{"discounted_returns": 0.10532470578404979, "_timestamp": 1723703961.8010166, "_runtime": 53.82337164878845, "_step": 7, "total_loss": 3.075464342914895, "_wandb": {"runtime": 61}}