{"discounted_reward": 548.5172401951185, "cumulative_reward": 960, "episode_reward": 95, "_timestamp": 1723578866.8651273, "_runtime": 1.340043306350708, "_step": 9, "_wandb": {"runtime": 1}}