{"discounted_returns": 13.189126864004999, "_timestamp": 1723747941.9604743, "_runtime": 387.0753252506256, "_step": 19999, "total_loss": 0.8918531057058271, "_wandb": {"runtime": 385}}