{"discounted_reward": 227.4645313041207, "cumulative_reward": 396, "episode_reward": 39, "_timestamp": 1723613059.4367526, "_runtime": 2.3797965049743652, "_step": 9, "_wandb": {"runtime": 0}}