{"discounted_reward": 365.1786762522378, "cumulative_reward": 670, "episode_reward": 90, "_timestamp": 1723671407.2676363, "_runtime": 2.223100185394287, "_step": 9, "_wandb": {"runtime": 0}}