{"discounted_returns": 5.111718046451967, "_timestamp": 1723711206.7468054, "_runtime": 462.55869936943054, "_step": 1249, "total_loss": 0.7609972087680186, "_wandb": {"runtime": 462}}