{"discounted_reward": 8.349878056146128, "cumulative_reward": 13, "episode_reward": 3, "episode_discount_reward": 1.9877199085279396, "_timestamp": 1723775866.9197514, "_runtime": 38.2124764919281, "_step": 2, "_wandb": {"runtime": 39}}