{"discounted_reward": 560.3391368277819, "cumulative_reward": 982, "episode_reward": 99, "_timestamp": 1723630492.1646354, "_runtime": 79.16802144050598, "_step": 10, "normalized_rewards": 1.0, "_wandb": {"runtime": 77}}