{"discounted_reward": 287.9759820754587, "cumulative_reward": 494, "episode_reward": 47, "_timestamp": 1723621504.5998726, "_runtime": 1.5377655029296875, "_step": 9, "_wandb": {"runtime": 2}}