{"discounted_reward": 85.64317852584121, "cumulative_reward": 172, "episode_reward": 38, "_timestamp": 1723659516.4321814, "_runtime": 39.69214129447937, "_step": 3, "_wandb": {"runtime": 46}}