{"discounted_returns": 4.80753317131129, "_timestamp": 1723721749.5792782, "_runtime": 1033.2355451583862, "_step": 1999, "total_loss": 0.7666828647137569, "_wandb": {"runtime": 1031}}