{"discounted_reward": 152.22401747242466, "cumulative_reward": 271, "episode_reward": 30, "_timestamp": 1723594721.509078, "_runtime": 1.3556151390075684, "_step": 9, "_wandb": {"runtime": 0}}