{"discounted_reward": 567.6509243174959, "cumulative_reward": 992, "episode_reward": 97, "_timestamp": 1723655048.0725274, "_runtime": 3.0629074573516846, "_step": 9, "_wandb": {"runtime": 0}}