{"discounted_reward": 271.5399451799308, "cumulative_reward": 480, "episode_reward": 45, "_timestamp": 1723661165.1071124, "_runtime": 276.3735854625702, "_step": 10, "normalized_rewards": -0.10632911392405063, "_wandb": {"runtime": 274}}