{"discounted_reward": 339.0927538858869, "cumulative_reward": 604, "episode_reward": 68, "_timestamp": 1723626414.560366, "_runtime": 2.4456498622894287, "_step": 9, "_wandb": {"runtime": 0}}