{"discounted_reward": 274.86233186741174, "cumulative_reward": 483, "episode_reward": 48, "_timestamp": 1723620937.9527025, "_runtime": 0.9744086265563965, "_step": 9, "_wandb": {"runtime": 0}}