{"discounted_reward": 304.046585360253, "cumulative_reward": 567, "episode_reward": 89, "_timestamp": 1723652520.135785, "_runtime": 54.66485619544983, "_step": 6, "_wandb": {"runtime": 53}}