{"discounted_reward": 425.00551659030845, "cumulative_reward": 767, "episode_reward": 88, "_timestamp": 1723655787.3382037, "_runtime": 81.24387454986572, "_step": 10, "normalized_rewards": 0.5386178861788617, "_wandb": {"runtime": 77}}