{"discounted_reward": 0.0, "cumulative_reward": 0, "episode_reward": 0, "_timestamp": 1723691964.3375728, "_runtime": 2.4562838077545166, "_step": 999, "_wandb": {"runtime": 1}}