{"discounted_returns": 9.295592839280943, "_timestamp": 1723683188.5301323, "_runtime": 982.082658290863, "_step": 499, "total_loss": 0.8688808994777453, "_wandb": {"runtime": 981}}