{"train_loss": 8203.419921875, "_timestamp": 1723591242.3251057, "_runtime": 74.20256066322327, "_step": 2, "_wandb": {"runtime": 74}}