{"discounted_reward": 493.5259270554903, "cumulative_reward": 542, "episode_reward": 19, "episode_discount_reward": 17.313967986018195, "_timestamp": 1723769770.965124, "_runtime": 69.47451686859131, "_step": 30}