{"discounted_reward": 353.8873217974761, "cumulative_reward": 618, "episode_reward": 59, "_timestamp": 1723621387.1632493, "_runtime": 82.75133633613586, "_step": 10, "normalized_rewards": 0.2606516290726817, "_wandb": {"runtime": 81}}