{"discounted_reward": 501.8228209291891, "cumulative_reward": 878, "episode_reward": 85, "_timestamp": 1723608289.8512743, "_runtime": 1.6343262195587158, "_step": 9, "_wandb": {"runtime": 0}}