{"discounted_reward": 1102.6278351066053, "cumulative_reward": 1211, "episode_reward": 20, "episode_discount_reward": 18.209306240276913, "_timestamp": 1723773666.101863, "_runtime": 139.47709488868713, "_step": 60, "_wandb": {"runtime": 137}}