{"discounted_reward": 448.0664582415848, "cumulative_reward": 782, "episode_reward": 77, "_timestamp": 1723588669.3556657, "_runtime": 242.27980971336365, "_step": 10, "normalized_rewards": 0.6473594548551959, "_wandb": {"runtime": 240}}