{"discounted_reward": 287.78271701707826, "cumulative_reward": 509, "episode_reward": 53, "_timestamp": 1723663049.53564, "_runtime": 2.5398099422454834, "_step": 9, "_wandb": {"runtime": 0}}