{"train_loss": 10235.908203125, "_timestamp": 1723591049.8774736, "_runtime": 4.632626533508301, "_step": 0, "_wandb": {"runtime": 4}}