{"discounted_reward": 486.1255969066374, "cumulative_reward": 842, "episode_reward": 85, "_timestamp": 1723657052.73709, "_runtime": 79.23572421073914, "_step": 10, "normalized_rewards": 0.6888888888888889, "_wandb": {"runtime": 77}}