{"discounted_reward": 272.34917662779924, "cumulative_reward": 477, "episode_reward": 49, "_timestamp": 1723603791.9958584, "_runtime": 1.429781436920166, "_step": 9, "_wandb": {"runtime": 0}}