{"discounted_reward": 176.46854393561588, "cumulative_reward": 317, "episode_reward": 37, "_timestamp": 1723579344.5080414, "_runtime": 236.28635334968567, "_step": 10, "normalized_rewards": -0.4449438202247191, "_wandb": {"runtime": 233}}