{"discounted_returns": 11.082829556782075, "_timestamp": 1723682196.1434684, "_runtime": 932.3208003044128, "_step": 499, "total_loss": 1.0009598416463017, "_wandb": {"runtime": 931}}