{"discounted_returns": 4.553204416964299, "_timestamp": 1723744674.461177, "_runtime": 392.4492971897125, "_step": 19999, "total_loss": 0.7918994667888537, "_wandb": {"runtime": 391}}