{"train_loss": 205.3720703125, "_timestamp": 1723768631.6558514, "_runtime": 2.6842334270477295, "_step": 0, "_wandb": {"runtime": 5}}