{"discounted_reward": 569.5879436608716, "cumulative_reward": 998, "episode_reward": 100, "_timestamp": 1723578379.4312634, "_runtime": 1.3183884620666504, "_step": 9, "_wandb": {"runtime": 0}}