{"discounted_reward": 561.7061335655283, "cumulative_reward": 983, "episode_reward": 98, "_timestamp": 1723656668.6252227, "_runtime": 2.5748767852783203, "_step": 9, "_wandb": {"runtime": 0}}