{"discounted_reward": 67.68158742096972, "cumulative_reward": 116, "episode_reward": 11, "_timestamp": 1723629948.5595155, "_runtime": 78.97128343582153, "_step": 10, "normalized_rewards": -0.7818181818181819, "_wandb": {"runtime": 77}}