{"discounted_reward": 341.99096112750124, "cumulative_reward": 612, "episode_reward": 66, "_timestamp": 1723605480.7878652, "_runtime": 243.47969818115234, "_step": 10, "normalized_rewards": 0.28287841191067, "_wandb": {"runtime": 241}}