{"discounted_reward": 550.0745883377159, "cumulative_reward": 964, "episode_reward": 96, "_timestamp": 1723582400.9247305, "_runtime": 231.27363657951355, "_step": 10, "normalized_rewards": 1.0, "_wandb": {"runtime": 229}}