{"discounted_reward": 250.75333842967373, "cumulative_reward": 423, "episode_reward": 35, "_timestamp": 1723660841.1473186, "_runtime": 281.40185356140137, "_step": 10, "normalized_rewards": -0.2564102564102564, "_wandb": {"runtime": 276}}