{"discounted_reward": 295.4137562040491, "cumulative_reward": 516, "episode_reward": 52, "_timestamp": 1723658321.996654, "_runtime": 2.4205479621887207, "_step": 9, "_wandb": {"runtime": 1}}