{"discounted_reward": 203.84561180063673, "cumulative_reward": 363, "episode_reward": 38, "_timestamp": 1723601075.0618367, "_runtime": 0.9084506034851074, "_step": 9, "_wandb": {"runtime": 0}}