{"discounted_reward": 506.06495580269825, "cumulative_reward": 883, "episode_reward": 86, "_timestamp": 1723613084.1899786, "_runtime": 2.16709566116333, "_step": 9, "_wandb": {"runtime": 0}}