{"discounted_reward": 298.24882140542195, "cumulative_reward": 521, "episode_reward": 51, "_timestamp": 1723582147.8088622, "_runtime": 2.2166903018951416, "_step": 9, "_wandb": {"runtime": 0}}