{"discounted_reward": 68.04861022557861, "cumulative_reward": 115, "episode_reward": 11, "_timestamp": 1723630371.2665303, "_runtime": 79.88971424102783, "_step": 10, "normalized_rewards": -0.7595190380761523, "_wandb": {"runtime": 78}}