{"train_loss": 1095.120849609375, "_timestamp": 1723765115.6032574, "_runtime": 3.5020253658294678, "_step": 0, "_wandb": {"runtime": 16}}