{"discounted_reward": 521.6258406057166, "cumulative_reward": 913, "episode_reward": 90, "_timestamp": 1723627928.3021388, "_runtime": 1.8449697494506836, "_step": 9, "_wandb": {"runtime": 0}}