{"discounted_reward": 286.6184944103698, "cumulative_reward": 503, "episode_reward": 55, "_timestamp": 1723627032.2924984, "_runtime": 81.66512131690979, "_step": 10, "normalized_rewards": 0.3313253012048193, "_wandb": {"runtime": 79}}