{"discounted_returns": 0.6977208839719828, "_timestamp": 1723727796.7486775, "_runtime": 7.715960502624512, "_step": 7, "total_loss": 1.7925875126814845, "_wandb": {"runtime": 6}}