{"discounted_returns": 2.653381923942558, "_timestamp": 1723698927.7493796, "_runtime": 19.008782625198364, "_step": 13, "total_loss": 0.986916787751335, "_wandb": {"runtime": 17}}