{"discounted_returns": 0.22360663850627155, "_timestamp": 1723727847.886057, "_runtime": 5.8126139640808105, "_step": 3, "total_loss": 8.787045762515845, "_wandb": {"runtime": 4}}