{"train_loss": 1116.2694091796875, "_timestamp": 1723726278.6917603, "_runtime": 1224.1643872261047, "_step": 19, "_wandb": {"runtime": 1286}}