{"discounted_reward": 251.36148710622234, "cumulative_reward": 447, "episode_reward": 51, "_timestamp": 1723669404.1880007, "_runtime": 2.115642786026001, "_step": 9, "_wandb": {"runtime": 0}}