{"discounted_reward": 406.5828358983521, "cumulative_reward": 633, "episode_reward": 58, "episode_discount_reward": 38.498505781214256, "_timestamp": 1723779995.1885014, "_runtime": 83.13794231414795, "_step": 9, "_wandb": {"runtime": 81}}