{"discounted_reward": 513.5093248719544, "cumulative_reward": 901, "episode_reward": 90, "_timestamp": 1723605182.4837344, "_runtime": 1.4131674766540527, "_step": 9, "_wandb": {"runtime": 0}}