{"discounted_reward": 500.7491203206738, "cumulative_reward": 871, "episode_reward": 82, "_timestamp": 1723668809.4371383, "_runtime": 1.3072574138641357, "_step": 9, "_wandb": {"runtime": 0}}