{"discounted_reward": 0.0, "cumulative_reward": 0, "episode_reward": 0, "_timestamp": 1723694901.3961685, "_runtime": 12.559925556182861, "_step": 999, "_wandb": {"runtime": 12}}