{"train_loss": 1101.0928955078125, "_timestamp": 1723694338.153659, "_runtime": 1092.5685770511627, "_step": 199, "_wandb": {"runtime": 1096}}