{"discounted_returns": 12.975590099632921, "_timestamp": 1723679282.6837218, "_runtime": 925.1045386791229, "_step": 499, "total_loss": 0.8686244251046749, "_wandb": {"runtime": 924}}