{"discounted_reward": 490.5964166541646, "cumulative_reward": 869, "episode_reward": 92, "_timestamp": 1723664278.3658283, "_runtime": 1.7397043704986572, "_step": 9, "_wandb": {"runtime": 0}}