{"discounted_reward": 285.5007337265855, "cumulative_reward": 508, "episode_reward": 55, "_timestamp": 1723621025.7736244, "_runtime": 1.1877834796905518, "_step": 9, "_wandb": {"runtime": 0}}