{"discounted_reward": 73.68879909288047, "cumulative_reward": 123, "episode_reward": 12, "_timestamp": 1723630578.3554773, "_runtime": 78.39641427993774, "_step": 10, "normalized_rewards": -0.7674897119341564, "_wandb": {"runtime": 76}}