{"discounted_reward": 524.3483567149754, "cumulative_reward": 917, "episode_reward": 90, "_timestamp": 1723657851.9730918, "_runtime": 2.061605930328369, "_step": 9, "_wandb": {"runtime": 1}}