{"discounted_reward": 266.7826570327967, "cumulative_reward": 464, "episode_reward": 42, "_timestamp": 1723626623.0853477, "_runtime": 1.877004623413086, "_step": 9, "_wandb": {"runtime": 0}}