{"discounted_reward": 345.5006352434949, "cumulative_reward": 600, "episode_reward": 56, "_timestamp": 1723606728.9137013, "_runtime": 235.68683528900146, "_step": 10, "normalized_rewards": 0.24759615384615385, "_wandb": {"runtime": 234}}