{"discounted_reward": 293.1034366438124, "cumulative_reward": 503, "episode_reward": 40, "_timestamp": 1723626195.3861468, "_runtime": 86.25244688987732, "_step": 10, "normalized_rewards": 0.043568464730290454, "_wandb": {"runtime": 84}}