{"discounted_returns": 0.11047478390168335, "_timestamp": 1723698975.5252507, "_runtime": 25.696407556533813, "_step": 13, "total_loss": 0.5897275310091209, "_wandb": {"runtime": 24}}