{"discounted_reward": 300.16721763041784, "cumulative_reward": 524, "episode_reward": 56, "_timestamp": 1723586672.5038702, "_runtime": 1.6425552368164062, "_step": 9, "_wandb": {"runtime": 0}}