{"discounted_reward": 537.7313590562013, "cumulative_reward": 944, "episode_reward": 95, "_timestamp": 1723607275.2716599, "_runtime": 1.4305288791656494, "_step": 9, "_wandb": {"runtime": 0}}