{"discounted_returns": 0.0, "_timestamp": 1723684346.7651496, "_runtime": 12.669471502304077, "_step": 3, "total_loss": 1.1613637308078615, "_wandb": {"runtime": 12}}