{"discounted_reward": 294.4724928598867, "cumulative_reward": 522, "episode_reward": 59, "_timestamp": 1723664255.6151009, "_runtime": 2.217556953430176, "_step": 9, "_wandb": {"runtime": 0}}