{"discounted_returns": 2.4053796431333576, "_timestamp": 1723733705.2354584, "_runtime": 21.27406930923462, "_step": 45, "total_loss": 0.665406462295315, "_wandb": {"runtime": 20}}