{"discounted_reward": 260.3398178840471, "cumulative_reward": 463, "episode_reward": 48, "_timestamp": 1723586158.7672658, "_runtime": 1.3084847927093506, "_step": 9, "_wandb": {"runtime": 3}}