{"discounted_reward": 556.7041282255014, "cumulative_reward": 976, "episode_reward": 98, "_timestamp": 1723588149.8335073, "_runtime": 230.7381293773651, "_step": 10, "normalized_rewards": 2.398843930635838, "_wandb": {"runtime": 228}}