{"discounted_reward": 287.9622728831003, "cumulative_reward": 503, "episode_reward": 48, "_timestamp": 1723629748.0061245, "_runtime": 2.527613401412964, "_step": 9, "_wandb": {"runtime": 0}}