{"discounted_reward": 252.28143295996188, "cumulative_reward": 440, "episode_reward": 43, "_timestamp": 1723664247.8180137, "_runtime": 99.58618664741516, "_step": 10, "normalized_rewards": -0.17369727047146402, "_wandb": {"runtime": 97}}