{"discounted_returns": 4.2914761857054105, "_timestamp": 1723710270.0993948, "_runtime": 382.99425172805786, "_step": 923, "total_loss": 0.7998567057252017, "_wandb": {"runtime": 382}}