{"discounted_reward": 466.62399749665843, "cumulative_reward": 822, "episode_reward": 83, "_timestamp": 1723628556.9542456, "_runtime": 1.2202625274658203, "_step": 9, "_wandb": {"runtime": 0}}