{"discounted_reward": 312.6834498250716, "cumulative_reward": 546, "episode_reward": 51, "_timestamp": 1723654884.8665478, "_runtime": 6.1210527420043945, "_step": 9, "_wandb": {"runtime": 1}}