{"discounted_reward": 351.8792938850248, "cumulative_reward": 614, "episode_reward": 63, "_timestamp": 1723597968.2382703, "_runtime": 2.2135653495788574, "_step": 9, "_wandb": {"runtime": 0}}