{"discounted_reward": 301.57853107988484, "cumulative_reward": 526, "episode_reward": 49, "_timestamp": 1723668800.2438388, "_runtime": 1.6355397701263428, "_step": 9, "_wandb": {"runtime": 0}}