{"discounted_reward": 467.3597865559309, "cumulative_reward": 817, "episode_reward": 76, "_timestamp": 1723638472.333661, "_runtime": 82.04140901565552, "_step": 10, "normalized_rewards": 0.6808510638297872, "_wandb": {"runtime": 78}}