{"discounted_reward": 291.74042789704583, "cumulative_reward": 505, "episode_reward": 51, "_timestamp": 1723593436.0427294, "_runtime": 2.163323402404785, "_step": 9, "_wandb": {"runtime": 0}}