{"discounted_reward": 567.6509243174959, "cumulative_reward": 992, "episode_reward": 97, "_timestamp": 1723654747.702867, "_runtime": 1.6470839977264404, "_step": 9, "_wandb": {"runtime": 0}}