{"discounted_returns": 0.0, "_timestamp": 1723673403.405746, "_runtime": 59.17830991744995, "_step": 19, "total_loss": 4.449485617130994, "_wandb": {"runtime": 59}}