{"discounted_reward": 60.87275045461643, "cumulative_reward": 98, "episode_reward": 0, "_timestamp": 1723652784.00462, "_runtime": 73.83414316177368, "_step": 8, "_wandb": {"runtime": 77}}