{"discounted_reward": 504.59911388356454, "cumulative_reward": 877, "episode_reward": 83, "_timestamp": 1723662520.4291403, "_runtime": 5.880673408508301, "_step": 9, "_wandb": {"runtime": 2}}