{"discounted_reward": 279.1062991960827, "cumulative_reward": 480, "episode_reward": 47, "_timestamp": 1723652675.8976173, "_runtime": 1.886244297027588, "_step": 9, "_wandb": {"runtime": 0}}