{"discounted_reward": 504.59911388356454, "cumulative_reward": 877, "episode_reward": 83, "_timestamp": 1723627303.9716418, "_runtime": 1.467444896697998, "_step": 9, "_wandb": {"runtime": 0}}