{"discounted_reward": 436.8602656322329, "cumulative_reward": 769, "episode_reward": 81, "_timestamp": 1723587153.5289001, "_runtime": 220.29919815063477, "_step": 10, "normalized_rewards": 11.208333333333334, "_wandb": {"runtime": 218}}