{"discounted_reward": 567.6509243174959, "cumulative_reward": 992, "episode_reward": 97, "_timestamp": 1723654601.2064052, "_runtime": 2.231595277786255, "_step": 9, "_wandb": {"runtime": 5}}