{"discounted_reward": 293.5411439076295, "cumulative_reward": 510, "episode_reward": 50, "_timestamp": 1723664119.316192, "_runtime": 23.719262838363647, "_step": 9, "_wandb": {"runtime": 0}}