{"discounted_reward": 56.39599880272686, "cumulative_reward": 98, "episode_reward": 12, "_timestamp": 1723609945.2975924, "_runtime": 179.37502646446228, "_step": 7, "_wandb": {"runtime": 188}}