{"discounted_reward": 272.81730387928286, "cumulative_reward": 471, "episode_reward": 39, "_timestamp": 1723625332.372255, "_runtime": 86.63489603996277, "_step": 10, "normalized_rewards": 0.1557377049180328, "_wandb": {"runtime": 85}}