{"discounted_reward": 306.29604578817833, "cumulative_reward": 530, "episode_reward": 49, "_timestamp": 1723606484.9658983, "_runtime": 228.55310726165771, "_step": 10, "normalized_rewards": 0.07932692307692307, "_wandb": {"runtime": 226}}