{"discounted_returns": 0.0, "_timestamp": 1723684427.652231, "_runtime": 17.59083390235901, "_step": 5, "total_loss": 0.811169945935156, "_wandb": {"runtime": 18}}