{"discounted_returns": 0.26115810322281013, "_timestamp": 1723684252.4467528, "_runtime": 13.400546789169312, "_step": 3, "total_loss": 2.6059314961568454, "_wandb": {"runtime": 31}}