{"discounted_reward": 263.8871668919989, "cumulative_reward": 463, "episode_reward": 46, "_timestamp": 1723669040.192206, "_runtime": 2.365694999694824, "_step": 9, "_wandb": {"runtime": 0}}