{"discounted_returns": 4.539312713882963, "_timestamp": 1723729086.1053562, "_runtime": 494.66237711906433, "_step": 927, "total_loss": 15.491892733899737, "_wandb": {"runtime": 494}}