{"discounted_reward": 567.6509243174959, "cumulative_reward": 992, "episode_reward": 97, "_timestamp": 1723653920.9652553, "_runtime": 3.8297271728515625, "_step": 9, "_wandb": {"runtime": 0}}