{"discounted_reward": 312.53071674458863, "cumulative_reward": 565, "episode_reward": 53, "_timestamp": 1723657456.1697752, "_runtime": 84.73611831665039, "_step": 10, "normalized_rewards": 0.07692307692307693, "_wandb": {"runtime": 80}}