{"discounted_returns": 16.245405382994313, "_timestamp": 1723745068.6907864, "_runtime": 384.220662355423, "_step": 19999, "total_loss": 0.9598372735794479, "_wandb": {"runtime": 382}}