{"discounted_reward": 466.2680944271002, "cumulative_reward": 819, "episode_reward": 79, "_timestamp": 1723588694.6369267, "_runtime": 1.133326768875122, "_step": 9, "_wandb": {"runtime": 0}}