{"discounted_reward": 0.0, "cumulative_reward": 0.0, "episode_reward": 0.0, "_timestamp": 1723689918.324703, "_runtime": 1.3447580337524414, "_step": 999, "_wandb": {"runtime": 0}}