{"discounted_reward": 341.0309157841546, "cumulative_reward": 600, "episode_reward": 65, "_timestamp": 1723622314.5267076, "_runtime": 80.3038055896759, "_step": 10, "normalized_rewards": 0.27294685990338163, "_wandb": {"runtime": 78}}