{"discounted_reward": 428.62735978544674, "cumulative_reward": 761, "episode_reward": 84, "_timestamp": 1723670254.6359358, "_runtime": 2.117645740509033, "_step": 9, "_wandb": {"runtime": 0}}