{"discounted_reward": 11.098030301487462, "cumulative_reward": 17, "episode_reward": 0, "episode_discount_reward": 0.0, "_timestamp": 1723775607.0567374, "_runtime": 121.00029039382935, "_step": 9, "_wandb": {"runtime": 120}}