{"discounted_reward": 282.7006788006901, "cumulative_reward": 468, "episode_reward": 41, "_timestamp": 1723664087.5309098, "_runtime": 98.63586187362671, "_step": 10, "normalized_rewards": -0.097799511002445, "_wandb": {"runtime": 96}}