{"discounted_reward": 524.3483567149754, "cumulative_reward": 917, "episode_reward": 90, "_timestamp": 1723627717.1636145, "_runtime": 1.5122895240783691, "_step": 9, "_wandb": {"runtime": 0}}