{"discounted_reward": 312.53071674458863, "cumulative_reward": 565, "episode_reward": 53, "_timestamp": 1723662943.9343483, "_runtime": 98.75575733184814, "_step": 10, "normalized_rewards": 0.11614730878186968, "_wandb": {"runtime": 96}}