{"train_loss": 1108.830078125, "_timestamp": 1723751573.5250444, "_runtime": 1228.5060744285583, "_step": 19, "_wandb": {"runtime": 1290}}