{"train_loss": 2786.169921875, "_timestamp": 1723624604.417703, "_runtime": 580.9020609855652, "_step": 39, "_wandb": {"runtime": 594}}