{"discounted_reward": 41.73990313212605, "cumulative_reward": 67, "episode_reward": 67, "episode_discount_reward": 41.73990313212605, "_timestamp": 1723780175.6740444, "_runtime": 15.605685472488403, "_step": 0, "_wandb": {"runtime": 16}}