{"discounted_reward": 427.42460277232766, "cumulative_reward": 747, "episode_reward": 75, "_timestamp": 1723597998.7562113, "_runtime": 1.3568603992462158, "_step": 9, "_wandb": {"runtime": 0}}