{"discounted_returns": 0.0, "_timestamp": 1723744259.162007, "_runtime": 5.83051609992981, "_step": 123, "total_loss": 0.46745528682931176, "_wandb": {"runtime": 4}}