{"discounted_reward": 566.6162883463314, "cumulative_reward": 993, "episode_reward": 99, "_timestamp": 1723579368.4297113, "_runtime": 1.4120054244995117, "_step": 9, "_wandb": {"runtime": 0}}