{"discounted_returns": 0.4599429373125728, "_timestamp": 1723680646.6719751, "_runtime": 418.5208261013031, "_step": 221, "total_loss": 0.5345100692187222, "_wandb": {"runtime": 416}}