{"discounted_reward": 3.6885763491397605, "cumulative_reward": 5, "episode_reward": 0, "_timestamp": 1723637945.4680085, "_runtime": 82.43652963638306, "_step": 10, "normalized_rewards": -0.979757085020243, "_wandb": {"runtime": 80}}