{"discounted_returns": 7.8808002688571905, "_timestamp": 1723731918.5648305, "_runtime": 103.10714364051819, "_step": 263, "total_loss": 17.064516662944914, "_wandb": {"runtime": 102}}