{"discounted_reward": 459.2367195132749, "cumulative_reward": 801, "episode_reward": 80, "_timestamp": 1723656842.2155287, "_runtime": 80.37683463096619, "_step": 10, "normalized_rewards": 0.6111111111111112, "_wandb": {"runtime": 77}}