{"discounted_returns": 0.3230046799367971, "_timestamp": 1723698607.9378927, "_runtime": 7.263215780258179, "_step": 1, "total_loss": 2.7124932066502514, "_wandb": {"runtime": 7}}