{"discounted_reward": 0.0, "cumulative_reward": 0.0, "episode_reward": 0.0, "_timestamp": 1723691466.1332955, "_runtime": 10.755772590637207, "_step": 999, "_wandb": {"runtime": 3}}