{"discounted_reward": 505.05965006704355, "cumulative_reward": 885, "episode_reward": 93, "_timestamp": 1723628354.8371246, "_runtime": 1.373746633529663, "_step": 9, "_wandb": {"runtime": 0}}