{"discounted_reward": 567.6509243174959, "cumulative_reward": 992, "episode_reward": 97, "_timestamp": 1723653816.8572266, "_runtime": 7.434539556503296, "_step": 9, "_wandb": {"runtime": 1}}