{"discounted_returns": 0.018273588630760805, "_timestamp": 1723675252.4523327, "_runtime": 6.803433656692505, "_step": 1, "total_loss": 2.5053802260756495, "_wandb": {"runtime": 8}}