{"discounted_reward": 567.8173697211173, "cumulative_reward": 996, "episode_reward": 100, "_timestamp": 1723629980.9927716, "_runtime": 1.5042226314544678, "_step": 9, "_wandb": {"runtime": 0}}