{"discounted_reward": 486.3806452585132, "cumulative_reward": 850, "episode_reward": 84, "_timestamp": 1723597712.1465209, "_runtime": 230.08686184883118, "_step": 10, "normalized_rewards": 0.7586206896551724, "_wandb": {"runtime": 228}}