{"discounted_reward": 469.63545435233004, "cumulative_reward": 829, "episode_reward": 80, "_timestamp": 1723638036.741711, "_runtime": 82.4725399017334, "_step": 10, "normalized_rewards": 0.6882591093117408, "_wandb": {"runtime": 80}}