{"discounted_reward": 189.18872178606125, "cumulative_reward": 336, "episode_reward": 40, "_timestamp": 1723578353.6014528, "_runtime": 226.24185585975647, "_step": 10, "normalized_rewards": -0.3463917525773196, "_wandb": {"runtime": 224}}