{"discounted_reward": 521.6842448478246, "cumulative_reward": 913, "episode_reward": 90, "_timestamp": 1723669049.162313, "_runtime": 1.4934940338134766, "_step": 9, "_wandb": {"runtime": 0}}