{"discounted_reward": 439.22093116572216, "cumulative_reward": 772, "episode_reward": 77, "_timestamp": 1723655992.3950963, "_runtime": 79.66810727119446, "_step": 10, "normalized_rewards": 0.571150097465887, "_wandb": {"runtime": 76}}