{"discounted_reward": 467.5575963247894, "cumulative_reward": 740, "episode_reward": 71, "episode_discount_reward": 45.79635042784405, "_timestamp": 1723780557.918648, "_runtime": 138.19200110435486, "_step": 9, "_wandb": {"runtime": 136}}