{"discounted_reward": 0.0, "cumulative_reward": 0.0, "episode_reward": 0.0, "_timestamp": 1723691669.4492383, "_runtime": 1.664783239364624, "_step": 999, "_wandb": {"runtime": 1}}