{"discounted_reward": 280.7920190166334, "cumulative_reward": 485, "episode_reward": 46, "_timestamp": 1723625765.9588118, "_runtime": 84.39784073829651, "_step": 10, "normalized_rewards": 0.13053097345132744, "_wandb": {"runtime": 82}}