{"discounted_reward": 245.13194735509288, "cumulative_reward": 426, "episode_reward": 42, "_timestamp": 1723625561.1364982, "_runtime": 2.2904140949249268, "_step": 9, "_wandb": {"runtime": 0}}