{"discounted_reward": 562.5596258754308, "cumulative_reward": 987, "episode_reward": 100, "_timestamp": 1723580418.8492782, "_runtime": 0.8833301067352295, "_step": 9, "_wandb": {"runtime": 0}}