{"discounted_reward": 296.8785769123883, "cumulative_reward": 510, "episode_reward": 50, "_timestamp": 1723629312.8362482, "_runtime": 2.056016206741333, "_step": 9, "_wandb": {"runtime": 1}}