{"discounted_returns": 0.09986742180235554, "_timestamp": 1723702458.6301653, "_runtime": 728.825724363327, "_step": 399, "total_loss": 0.12383663142291908, "_wandb": {"runtime": 728}}