{"discounted_reward": 369.19595813580054, "cumulative_reward": 639, "episode_reward": 54, "_timestamp": 1723622402.7602277, "_runtime": 81.19135570526123, "_step": 10, "normalized_rewards": 0.3671497584541063, "_wandb": {"runtime": 79}}