{"discounted_reward": 0.0, "cumulative_reward": 0.0, "episode_reward": 0.0, "_timestamp": 1723691593.5764184, "_runtime": 2.5701823234558105, "_step": 999, "_wandb": {"runtime": 1}}