{"discounted_reward": 279.1653917380871, "cumulative_reward": 488, "episode_reward": 41, "_timestamp": 1723609241.1538296, "_runtime": 1.6777665615081787, "_step": 9, "_wandb": {"runtime": 0}}