{"discounted_reward": 318.5222460606788, "cumulative_reward": 560, "episode_reward": 54, "_timestamp": 1723670134.1138222, "_runtime": 95.67578029632568, "_step": 10, "normalized_rewards": 0.2743055555555556, "_wandb": {"runtime": 94}}