{"discounted_reward": 0.0, "cumulative_reward": 0.0, "episode_reward": 0.0, "_timestamp": 1723691793.6713262, "_runtime": 1.183213233947754, "_step": 999, "_wandb": {"runtime": 0}}