{"discounted_reward": 416.5577235950421, "cumulative_reward": 656, "episode_reward": 61, "episode_discount_reward": 38.50745544540299, "_timestamp": 1723780413.6308653, "_runtime": 147.68493628501892, "_step": 9, "_wandb": {"runtime": 145}}