{"discounted_reward": 214.21527379819452, "cumulative_reward": 383, "episode_reward": 39, "_timestamp": 1723588679.4015832, "_runtime": 2.3164172172546387, "_step": 9, "_wandb": {"runtime": 0}}