{"discounted_returns": 10.041789670797995, "_timestamp": 1723733568.33767, "_runtime": 383.67464804649353, "_step": 967, "total_loss": 0.8555716008209886, "_wandb": {"runtime": 383}}