{"train_loss": 1565.6251220703125, "_timestamp": 1723767306.0458887, "_runtime": 2.979064702987671, "_step": 0, "_wandb": {"runtime": 3}}