{"discounted_reward": 559.5008827013747, "cumulative_reward": 980, "episode_reward": 98, "_timestamp": 1723579638.739123, "_runtime": 263.14692211151123, "_step": 10, "normalized_rewards": 0.9732510288065843, "_wandb": {"runtime": 261}}