{"discounted_reward": 327.61542845503607, "cumulative_reward": 512, "episode_reward": 46, "episode_discount_reward": 29.160980912658662, "_timestamp": 1723780804.6965957, "_runtime": 146.10848569869995, "_step": 9, "_wandb": {"runtime": 144}}