{"discounted_reward": 181.16868602132698, "cumulative_reward": 310, "episode_reward": 28, "_timestamp": 1723580889.4793673, "_runtime": 229.40923929214478, "_step": 10, "normalized_rewards": -0.43736730360934184, "_wandb": {"runtime": 226}}