{"discounted_reward": 467.5575963247894, "cumulative_reward": 740, "episode_reward": 71, "episode_discount_reward": 45.79635042784405, "_timestamp": 1723779904.6380916, "_runtime": 131.73212051391602, "_step": 9, "_wandb": {"runtime": 130}}