{"discounted_reward": 565.5677802927094, "cumulative_reward": 992, "episode_reward": 99, "_timestamp": 1723636990.0359774, "_runtime": 2.3718314170837402, "_step": 9, "_wandb": {"runtime": 1}}