{"discounted_reward": 281.7073719375816, "cumulative_reward": 497, "episode_reward": 51, "_timestamp": 1723638263.3004632, "_runtime": 2.23618221282959, "_step": 9, "_wandb": {"runtime": 0}}