{"discounted_reward": 268.9985665134938, "cumulative_reward": 476, "episode_reward": 46, "_timestamp": 1723622893.0617461, "_runtime": 2.330273151397705, "_step": 9, "_wandb": {"runtime": 1}}