{"discounted_reward": 291.3305502456848, "cumulative_reward": 502, "episode_reward": 39, "_timestamp": 1723629532.9910264, "_runtime": 3.6826515197753906, "_step": 9, "_wandb": {"runtime": 0}}