{"discounted_reward": 19.443951735332885, "cumulative_reward": 39, "episode_reward": 6, "_timestamp": 1723637080.2516348, "_runtime": 81.07775092124939, "_step": 10, "normalized_rewards": -0.9136546184738956, "_wandb": {"runtime": 78}}