{"discounted_reward": 148.36456841211577, "cumulative_reward": 284, "episode_reward": 43, "_timestamp": 1723665287.5758293, "_runtime": 63.486995220184326, "_step": 5, "_wandb": {"runtime": 62}}