{"discounted_reward": 404.8444633119461, "cumulative_reward": 723, "episode_reward": 81, "_timestamp": 1723609227.9477186, "_runtime": 220.20723867416382, "_step": 10, "normalized_rewards": 0.4006734006734007, "_wandb": {"runtime": 216}}