{"discounted_reward": 0.0, "cumulative_reward": 0, "episode_reward": 0, "_timestamp": 1723691975.3802714, "_runtime": 4.993431329727173, "_step": 999, "_wandb": {"runtime": 3}}