{"discounted_reward": 514.718190406287, "cumulative_reward": 902, "episode_reward": 89, "_timestamp": 1723656116.817813, "_runtime": 80.79332089424133, "_step": 10, "normalized_rewards": 0.8605150214592274, "_wandb": {"runtime": 79}}