{"discounted_returns": 6.06911993376564, "_timestamp": 1723710727.42373, "_runtime": 443.20358991622925, "_step": 1157, "total_loss": 0.7995871190558945, "_wandb": {"runtime": 442}}