{"discounted_reward": 377.9866454254053, "cumulative_reward": 669, "episode_reward": 74, "_timestamp": 1723596689.4568846, "_runtime": 211.14130854606628, "_step": 10, "normalized_rewards": -1.1105263157894736, "_wandb": {"runtime": 209}}