{"discounted_reward": 569.2653401738296, "cumulative_reward": 998, "episode_reward": 100, "_timestamp": 1723629771.878202, "_runtime": 1.4232089519500732, "_step": 9, "_wandb": {"runtime": 0}}