{"discounted_returns": 0.0, "_timestamp": 1723733600.0468004, "_runtime": 5.979732275009155, "_step": 5, "total_loss": 1.0832872521753112, "_wandb": {"runtime": 5}}