{"discounted_reward": 149.53557965228399, "cumulative_reward": 268, "episode_reward": 28, "_timestamp": 1723596470.7032974, "_runtime": 1.2892732620239258, "_step": 9, "_wandb": {"runtime": 0}}