{"discounted_reward": 113.0837573481429, "cumulative_reward": 198, "episode_reward": 19, "_timestamp": 1723593208.8899648, "_runtime": 200.7973189353943, "_step": 10, "normalized_rewards": -0.5138888888888888, "_wandb": {"runtime": 199}}