{"discounted_returns": 3.212334722060475, "_timestamp": 1723698316.7284865, "_runtime": 28.991780519485474, "_step": 23, "total_loss": 0.8526471124748544, "_wandb": {"runtime": 29}}