{"discounted_reward": 374.16482087145874, "cumulative_reward": 660, "episode_reward": 66, "_timestamp": 1723625111.0241838, "_runtime": 83.04143381118774, "_step": 10, "normalized_rewards": 0.3772609819121447, "_wandb": {"runtime": 81}}