{"discounted_returns": 0.645224394808158, "_timestamp": 1723736410.723887, "_runtime": 379.6904399394989, "_step": 19961, "total_loss": 0.3978772169941449, "_wandb": {"runtime": 378}}