{"discounted_returns": 0.0076279091543757, "_timestamp": 1723697491.248987, "_runtime": 19.156494855880737, "_step": 13, "total_loss": 1.272445341243669, "_wandb": {"runtime": 19}}