{"discounted_reward": 553.6266531100889, "cumulative_reward": 967, "episode_reward": 94, "_timestamp": 1723638290.2250898, "_runtime": 2.932023763656616, "_step": 9, "_wandb": {"runtime": 1}}