{"discounted_reward": 316.7268537049578, "cumulative_reward": 568, "episode_reward": 63, "_timestamp": 1723594174.59535, "_runtime": 1.9919109344482422, "_step": 9, "_wandb": {"runtime": 0}}