{"discounted_reward": 270.9030480381612, "cumulative_reward": 466, "episode_reward": 41, "_timestamp": 1723627476.0730119, "_runtime": 77.34117293357849, "_step": 10, "normalized_rewards": -0.12602739726027398, "_wandb": {"runtime": 75}}