{"discounted_reward": 268.1934353750279, "cumulative_reward": 471, "episode_reward": 46, "_timestamp": 1723598381.2593675, "_runtime": 1.2606775760650635, "_step": 9, "_wandb": {"runtime": 0}}