{"train_loss": 2427.5068359375, "_timestamp": 1723666832.6357381, "_runtime": 1493.0164391994476, "_step": 99, "_wandb": {"runtime": 1507}}