{"discounted_reward": 461.85526315552255, "cumulative_reward": 801, "episode_reward": 76, "_timestamp": 1723589748.7307115, "_runtime": 1.4060614109039307, "_step": 9, "_wandb": {"runtime": 0}}