{"discounted_reward": 288.1254418206103, "cumulative_reward": 504, "episode_reward": 48, "_timestamp": 1723595208.8468664, "_runtime": 1.8319332599639893, "_step": 9, "_wandb": {"runtime": 0}}