{"discounted_reward": 0.0, "cumulative_reward": 0, "episode_reward": 0, "_timestamp": 1723694784.6707733, "_runtime": 12.406973361968994, "_step": 999, "_wandb": {"runtime": 11}}