{"discounted_reward": 277.32121894760274, "cumulative_reward": 484, "episode_reward": 42, "_timestamp": 1723665201.1661458, "_runtime": 95.96693873405457, "_step": 10, "normalized_rewards": -0.033734939759036145, "_wandb": {"runtime": 94}}