{"discounted_reward": 406.03137143451994, "cumulative_reward": 724, "episode_reward": 81, "_timestamp": 1723626527.3440747, "_runtime": 79.90004682540894, "_step": 10, "normalized_rewards": 0.40404040404040403, "_wandb": {"runtime": 77}}