{"discounted_returns": 0.2785948095521788, "_timestamp": 1723728199.449408, "_runtime": 4.3716089725494385, "_step": 1, "total_loss": 10.561084959656, "_wandb": {"runtime": 4}}