{"discounted_reward": 247.56251001367983, "cumulative_reward": 429, "episode_reward": 41, "_timestamp": 1723626203.1257486, "_runtime": 2.350311517715454, "_step": 9, "_wandb": {"runtime": 0}}