{"discounted_reward": 296.85121758662024, "cumulative_reward": 532, "episode_reward": 66, "_timestamp": 1723605124.1495013, "_runtime": 1.3293652534484863, "_step": 9, "_wandb": {"runtime": 0}}