{"discounted_reward": 288.4398331122197, "cumulative_reward": 508, "episode_reward": 53, "_timestamp": 1723624878.3152199, "_runtime": 1.3945629596710205, "_step": 9, "_wandb": {"runtime": 0}}