{"discounted_reward": 504.59911388356454, "cumulative_reward": 877, "episode_reward": 83, "_timestamp": 1723659708.7196088, "_runtime": 1.1018378734588623, "_step": 9, "_wandb": {"runtime": 0}}