{"discounted_reward": 289.0039156061839, "cumulative_reward": 511, "episode_reward": 58, "_timestamp": 1723669393.3199716, "_runtime": 90.88430047035217, "_step": 10, "normalized_rewards": -0.014326647564469915, "_wandb": {"runtime": 88}}