{"discounted_reward": 282.796729640781, "cumulative_reward": 508, "episode_reward": 61, "_timestamp": 1723671389.2714913, "_runtime": 99.32622838020325, "_step": 10, "normalized_rewards": 0.5, "_wandb": {"runtime": 97}}