{"discounted_returns": 0.11090490506909645, "_timestamp": 1723728292.230438, "_runtime": 5.940644025802612, "_step": 3, "total_loss": 7.289086087999749, "_wandb": {"runtime": 5}}