{"discounted_reward": 294.8042080945589, "cumulative_reward": 518, "episode_reward": 51, "_timestamp": 1723662669.1820219, "_runtime": 3.4063689708709717, "_step": 9, "_wandb": {"runtime": 2}}