{"discounted_reward": 524.3483567149754, "cumulative_reward": 917, "episode_reward": 90, "_timestamp": 1723662595.1593227, "_runtime": 2.4372618198394775, "_step": 9, "_wandb": {"runtime": 2}}