{"discounted_reward": 521.6258406057166, "cumulative_reward": 913, "episode_reward": 90, "_timestamp": 1723660267.0204003, "_runtime": 2.5906431674957275, "_step": 9, "_wandb": {"runtime": 0}}