{"discounted_reward": 628.4098111444981, "cumulative_reward": 992, "episode_reward": 100, "episode_discount_reward": 63.39676587267702, "_timestamp": 1723774061.733023, "_runtime": 117.81962203979492, "_step": 9, "_wandb": {"runtime": 116}}