{"discounted_reward": 297.57049894704795, "cumulative_reward": 516, "episode_reward": 51, "_timestamp": 1723628121.4779813, "_runtime": 2.3523993492126465, "_step": 9, "_wandb": {"runtime": 0}}