{"discounted_reward": 293.53105773287473, "cumulative_reward": 514, "episode_reward": 50, "_timestamp": 1723621273.9792671, "_runtime": 2.3867640495300293, "_step": 9, "_wandb": {"runtime": 1}}