{"discounted_reward": 521.6258406057166, "cumulative_reward": 913, "episode_reward": 90, "_timestamp": 1723613600.4223492, "_runtime": 1.3833012580871582, "_step": 9, "_wandb": {"runtime": 0}}