{"discounted_reward": 564.6562160914773, "cumulative_reward": 989, "episode_reward": 99, "_timestamp": 1723629338.2077339, "_runtime": 1.5591208934783936, "_step": 9, "_wandb": {"runtime": 0}}