{"discounted_returns": 4.586348981367298, "_timestamp": 1723730641.1074898, "_runtime": 322.28183794021606, "_step": 621, "total_loss": 16.224777783793662, "_wandb": {"runtime": 322}}