{"discounted_reward": 0.0, "cumulative_reward": 0, "episode_reward": 0, "_timestamp": 1723692119.8291962, "_runtime": 10.593738317489624, "_step": 999, "_wandb": {"runtime": 9}}