{"discounted_returns": 2.143953601295707, "_timestamp": 1723729554.3986273, "_runtime": 41.14102339744568, "_step": 3, "total_loss": 11.908003984149545, "_wandb": {"runtime": 48}}