{"discounted_reward": 568.5142543755552, "cumulative_reward": 994, "episode_reward": 98, "_timestamp": 1723656241.4442503, "_runtime": 2.2285842895507812, "_step": 9, "_wandb": {"runtime": 0}}