{"train_loss": 3689.75830078125, "_timestamp": 1723620259.173191, "_runtime": 17.06791114807129, "_step": 1, "_wandb": {"runtime": 27}}