{"discounted_reward": 565.5677802927094, "cumulative_reward": 992, "episode_reward": 99, "_timestamp": 1723655821.0523453, "_runtime": 1.9789423942565918, "_step": 9, "_wandb": {"runtime": 0}}