{"train_loss": 150.1379852294922, "_timestamp": 1723769101.742783, "_runtime": 383.8627781867981, "_step": 19, "_wandb": {"runtime": 402}}