{"discounted_reward": 244.26296825212913, "cumulative_reward": 421, "episode_reward": 37, "_timestamp": 1723589720.5627468, "_runtime": 278.42933177948, "_step": 10, "normalized_rewards": -0.6, "_wandb": {"runtime": 276}}