{"discounted_returns": 0.0, "_timestamp": 1723712239.396218, "_runtime": 106.65264916419983, "_step": 197, "total_loss": 792.2593264165058, "_wandb": {"runtime": 106}}