{"discounted_reward": 286.27212932518256, "cumulative_reward": 498, "episode_reward": 47, "_timestamp": 1723665087.9999678, "_runtime": 1.742234706878662, "_step": 9, "_wandb": {"runtime": 0}}