{"train_loss": 6620.291015625, "_timestamp": 1723610142.5066807, "_runtime": 39.567901611328125, "_step": 1, "_wandb": {"runtime": 62}}