{"discounted_reward": 151.06875666192212, "cumulative_reward": 269, "episode_reward": 27, "_timestamp": 1723600708.7442613, "_runtime": 0.9139611721038818, "_step": 9, "_wandb": {"runtime": 0}}