{"discounted_returns": 2.370932842734598, "_timestamp": 1723730179.444324, "_runtime": 195.46871089935303, "_step": 379, "total_loss": 7.678593293436885, "_wandb": {"runtime": 194}}