{"discounted_reward": 287.93946284159676, "cumulative_reward": 506, "episode_reward": 49, "_timestamp": 1723637180.6138165, "_runtime": 3.876770496368408, "_step": 9, "_wandb": {"runtime": 0}}