{"discounted_reward": 521.6258406057166, "cumulative_reward": 913, "episode_reward": 90, "_timestamp": 1723606247.4362228, "_runtime": 1.5057737827301025, "_step": 9, "_wandb": {"runtime": 0}}