{"discounted_reward": 371.4068701999223, "cumulative_reward": 643, "episode_reward": 59, "_timestamp": 1723607251.2604237, "_runtime": 2.5671615600585938, "_step": 9, "_wandb": {"runtime": 0}}