{"discounted_reward": 270.6717974410079, "cumulative_reward": 481, "episode_reward": 51, "_timestamp": 1723627808.1175892, "_runtime": 81.39722418785095, "_step": 10, "normalized_rewards": -0.035629453681710214, "_wandb": {"runtime": 79}}