{"discounted_returns": 0.11729686645538866, "_timestamp": 1723705072.7143588, "_runtime": 382.46581768989563, "_step": 839, "total_loss": 0.0713015099384305, "_wandb": {"runtime": 376}}