{"discounted_reward": 0.0, "cumulative_reward": 0.0, "episode_reward": 0.0, "_timestamp": 1723690000.5376556, "_runtime": 1.6370646953582764, "_step": 999, "_wandb": {"runtime": 1}}