{"discounted_reward": 328.6829948543345, "cumulative_reward": 571, "episode_reward": 57, "_timestamp": 1723589732.8178124, "_runtime": 2.2183074951171875, "_step": 9, "_wandb": {"runtime": 0}}