{"discounted_reward": 289.8250542478714, "cumulative_reward": 516, "episode_reward": 56, "_timestamp": 1723671282.8371563, "_runtime": 102.99217224121094, "_step": 10, "normalized_rewards": 0.5512820512820513, "_wandb": {"runtime": 101}}