{"train_loss": 6318.419921875, "_timestamp": 1723612291.0209994, "_runtime": 2110.4811244010925, "_step": 59, "_wandb": {"runtime": 2144}}