{"discounted_reward": 563.8249889759657, "cumulative_reward": 989, "episode_reward": 99, "_timestamp": 1723622916.602992, "_runtime": 1.6853561401367188, "_step": 9, "_wandb": {"runtime": 0}}