{"discounted_returns": 5.4511683779893705, "_timestamp": 1723717565.6732168, "_runtime": 1048.2777597904205, "_step": 1999, "total_loss": 0.7577427785508566, "_wandb": {"runtime": 1046}}