{"discounted_reward": 432.3489107390646, "cumulative_reward": 769, "episode_reward": 86, "_timestamp": 1723670032.6449232, "_runtime": 2.029381275177002, "_step": 9, "_wandb": {"runtime": 0}}