{"discounted_reward": 115.48773804097054, "cumulative_reward": 205, "episode_reward": 22, "_timestamp": 1723597434.9478185, "_runtime": 238.21297144889832, "_step": 10, "normalized_rewards": -0.8786127167630058, "_wandb": {"runtime": 236}}