{"discounted_reward": 504.59911388356454, "cumulative_reward": 877, "episode_reward": 83, "_timestamp": 1723658886.5948176, "_runtime": 1.6254537105560303, "_step": 9, "_wandb": {"runtime": 0}}