{"discounted_returns": 4.546003550225926, "_timestamp": 1723727615.2854347, "_runtime": 184.55167770385742, "_step": 357, "total_loss": 0.771821909852251, "_wandb": {"runtime": 183}}