{"discounted_reward": 564.8117505192973, "cumulative_reward": 989, "episode_reward": 98, "_timestamp": 1723588174.1371377, "_runtime": 2.1595916748046875, "_step": 9, "_wandb": {"runtime": 0}}