{"discounted_reward": 243.16401653199426, "cumulative_reward": 422, "episode_reward": 38, "_timestamp": 1723608266.1220846, "_runtime": 2.3309617042541504, "_step": 9, "_wandb": {"runtime": 0}}