{"discounted_reward": 501.8228209291891, "cumulative_reward": 878, "episode_reward": 85, "_timestamp": 1723626317.167227, "_runtime": 80.75785493850708, "_step": 10, "normalized_rewards": 1.0, "_wandb": {"runtime": 79}}