{"discounted_reward": 333.23555263975436, "cumulative_reward": 581, "episode_reward": 60, "_timestamp": 1723625979.4554188, "_runtime": 83.13593077659607, "_step": 10, "normalized_rewards": -0.2918149466192171, "_wandb": {"runtime": 81}}