{"discounted_reward": 570.5708928540931, "cumulative_reward": 1000, "episode_reward": 100, "_timestamp": 1723581842.1548657, "_runtime": 293.38684463500977, "_step": 10, "normalized_rewards": 1.009469696969697, "_wandb": {"runtime": 290}}