{"discounted_returns": 0.5305593776578611, "_timestamp": 1723688014.2776365, "_runtime": 514.0394115447998, "_step": 499, "total_loss": 0.41631224168485476, "_wandb": {"runtime": 512}}