{"train_loss": 8066.36669921875, "_timestamp": 1723585927.7019458, "_runtime": 1416.5371918678284, "_step": 39, "_wandb": {"runtime": 1450}}