{"discounted_reward": 527.9685258551259, "cumulative_reward": 918, "episode_reward": 86, "_timestamp": 1723655264.1902158, "_runtime": 80.68977785110474, "_step": 10, "normalized_rewards": 0.8445378151260504, "_wandb": {"runtime": 79}}