{"discounted_reward": 276.92980614777974, "cumulative_reward": 488, "episode_reward": 47, "_timestamp": 1723657570.5689456, "_runtime": 3.1748616695404053, "_step": 9, "_wandb": {"runtime": 0}}