{"discounted_reward": 345.6135659067728, "cumulative_reward": 591, "episode_reward": 59, "_timestamp": 1723658206.9544072, "_runtime": 92.59267210960388, "_step": 10, "normalized_rewards": 0.19298245614035087, "_wandb": {"runtime": 90}}