{"train_loss": 1102.70166015625, "_timestamp": 1723688768.9818745, "_runtime": 4.109474420547485, "_step": 0, "_wandb": {"runtime": 5}}