{"train_loss": 1560.1895751953125, "_timestamp": 1723767225.592998, "_runtime": 3.124372959136963, "_step": 0, "_wandb": {"runtime": 7}}