{"discounted_reward": 510.02455601199733, "cumulative_reward": 901, "episode_reward": 94, "_timestamp": 1723608777.0822694, "_runtime": 1.3905513286590576, "_step": 9, "_wandb": {"runtime": 0}}