{"discounted_reward": 14.711215524960268, "cumulative_reward": 28, "episode_reward": 8, "_timestamp": 1723601108.985713, "_runtime": 24.06247591972351, "_step": 1, "_wandb": {"runtime": 21}}