{"discounted_reward": 326.0269040933088, "cumulative_reward": 575, "episode_reward": 56, "_timestamp": 1723595982.062943, "_runtime": 230.3862509727478, "_step": 10, "normalized_rewards": 0.12365591397849462, "_wandb": {"runtime": 229}}