{"discounted_reward": 538.7088011887361, "cumulative_reward": 950, "episode_reward": 96, "_timestamp": 1723629428.1599894, "_runtime": 80.92377829551697, "_step": 10, "normalized_rewards": 0.918580375782881, "_wandb": {"runtime": 79}}