{"discounted_returns": 4.885063560517651, "_timestamp": 1723747140.3226862, "_runtime": 388.96829319000244, "_step": 19999, "total_loss": 0.7944725301951796, "_wandb": {"runtime": 387}}