{"discounted_returns": 12.831139979252733, "_timestamp": 1723732746.478681, "_runtime": 768.7117011547089, "_step": 1999, "total_loss": 0.8771671936312252, "_wandb": {"runtime": 768}}