{"discounted_reward": 479.9383779897572, "cumulative_reward": 836, "episode_reward": 83, "_timestamp": 1723638251.972688, "_runtime": 81.3263349533081, "_step": 10, "normalized_rewards": 0.6767676767676768, "_wandb": {"runtime": 79}}