{"discounted_reward": 178.01979573620187, "cumulative_reward": 313, "episode_reward": 30, "_timestamp": 1723578843.9408603, "_runtime": 226.0845353603363, "_step": 10, "normalized_rewards": -0.3484251968503937, "_wandb": {"runtime": 224}}