{"discounted_reward": 206.91092217782096, "cumulative_reward": 366, "episode_reward": 36, "_timestamp": 1723621149.270834, "_runtime": 2.0347390174865723, "_step": 9, "_wandb": {"runtime": 0}}