{"discounted_returns": 4.7618774912356425, "_timestamp": 1723719649.5016432, "_runtime": 1029.6670541763306, "_step": 1999, "total_loss": 0.8862439713230222, "_wandb": {"runtime": 1027}}