{"train_loss": 765.21923828125, "_timestamp": 1723693146.28643, "_runtime": 14.35853099822998, "_step": 2, "_wandb": {"runtime": 16}}