{"train_loss": 2722.139404296875, "_timestamp": 1723653722.5293553, "_runtime": 285.49508237838745, "_step": 19, "_wandb": {"runtime": 299}}