{"discounted_reward": 513.5093248719544, "cumulative_reward": 901, "episode_reward": 90, "_timestamp": 1723615470.0608308, "_runtime": 1.3947279453277588, "_step": 9, "_wandb": {"runtime": 0}}