{"discounted_returns": 5.40253573907583, "_timestamp": 1723714417.8052323, "_runtime": 1035.5471942424774, "_step": 1999, "total_loss": 0.7567137113747172, "_wandb": {"runtime": 1032}}