{"discounted_returns": 4.812189435565952, "_timestamp": 1723716508.319969, "_runtime": 1030.979612827301, "_step": 1999, "total_loss": 0.7799473325839669, "_wandb": {"runtime": 1029}}