{"discounted_reward": 100.64700774362618, "cumulative_reward": 179, "episode_reward": 19, "_timestamp": 1723595708.5328326, "_runtime": 228.60466361045837, "_step": 10, "normalized_rewards": -1.4705882352941178, "_wandb": {"runtime": 226}}