{"discounted_reward": 66.81991894437536, "cumulative_reward": 118, "episode_reward": 11, "_timestamp": 1723613316.6345227, "_runtime": 223.248530626297, "_step": 10, "normalized_rewards": -0.5708418891170431, "_wandb": {"runtime": 221}}