{"discounted_reward": 217.63708937640118, "cumulative_reward": 388, "episode_reward": 43, "_timestamp": 1723621265.2174058, "_runtime": 83.47457480430603, "_step": 10, "normalized_rewards": 0.0425531914893617, "_wandb": {"runtime": 81}}