{"train_loss": 2717.67529296875, "_timestamp": 1723620867.8625753, "_runtime": 581.9403781890869, "_step": 39, "_wandb": {"runtime": 595}}