{"discounted_reward": 501.8228209291891, "cumulative_reward": 878, "episode_reward": 85, "_timestamp": 1723625584.4986598, "_runtime": 1.498628854751587, "_step": 9, "_wandb": {"runtime": 0}}