{"discounted_reward": 0, "cumulative_reward": 84, "episode_reward": 84, "_timestamp": 1723654763.3335717, "_runtime": 6.452638626098633, "_step": 0, "_wandb": {"runtime": 95}}