{"discounted_reward": 261.28435503949987, "cumulative_reward": 454, "episode_reward": 42, "_timestamp": 1723663949.0066748, "_runtime": 90.46661972999573, "_step": 10, "normalized_rewards": -0.0851063829787234, "_wandb": {"runtime": 88}}