{"discounted_reward": 508.963255661654, "cumulative_reward": 898, "episode_reward": 96, "_timestamp": 1723629212.009617, "_runtime": 76.12998008728027, "_step": 10, "normalized_rewards": 0.8316831683168316, "_wandb": {"runtime": 75}}