{"discounted_reward": 239.34719600909085, "cumulative_reward": 402, "episode_reward": 33, "_timestamp": 1723588158.684347, "_runtime": 2.2162859439849854, "_step": 9, "_wandb": {"runtime": 0}}