{"discounted_reward": 176.0670887514744, "cumulative_reward": 307, "episode_reward": 32, "_timestamp": 1723580392.4541566, "_runtime": 227.71197366714478, "_step": 10, "normalized_rewards": -0.41774891774891776, "_wandb": {"runtime": 224}}