{"discounted_reward": 331.35297065796124, "cumulative_reward": 582, "episode_reward": 57, "_timestamp": 1723669675.1489143, "_runtime": 99.82801032066345, "_step": 10, "normalized_rewards": 0.28061224489795916, "_wandb": {"runtime": 98}}