{"discounted_reward": 443.6504656846892, "cumulative_reward": 702, "episode_reward": 66, "episode_discount_reward": 42.28813354062303, "_timestamp": 1723780259.0319138, "_runtime": 73.04677176475525, "_step": 9, "_wandb": {"runtime": 72}}