{"discounted_reward": 550.5777689713349, "cumulative_reward": 964, "episode_reward": 96, "_timestamp": 1723626012.758761, "_runtime": 1.435020923614502, "_step": 9, "_wandb": {"runtime": 1}}