{"discounted_reward": 298.7360321876145, "cumulative_reward": 474, "episode_reward": 93, "episode_discount_reward": 58.7922756894587, "_timestamp": 1723776376.5954118, "_runtime": 58.81449270248413, "_step": 4, "_wandb": {"runtime": 66}}