{"discounted_returns": 0.10235427585223564, "_timestamp": 1723707497.8796566, "_runtime": 72.67071866989136, "_step": 165, "total_loss": 0.3160482308808224, "_wandb": {"runtime": 71}}