{"train_loss": 197.5919189453125, "_timestamp": 1723778129.4223094, "_runtime": 955.7737233638763, "_step": 49, "_wandb": {"runtime": 975}}