{"discounted_reward": 285.3281503181432, "cumulative_reward": 506, "episode_reward": 53, "_timestamp": 1723669790.8072112, "_runtime": 2.4639151096343994, "_step": 9, "_wandb": {"runtime": 0}}