{"discounted_reward": 229.4943280241307, "cumulative_reward": 409, "episode_reward": 45, "_timestamp": 1723670815.4424837, "_runtime": 96.71042156219482, "_step": 10, "normalized_rewards": -0.13377926421404682, "_wandb": {"runtime": 94}}