{"discounted_reward": 0.0, "cumulative_reward": 0.0, "episode_reward": 0.0, "_timestamp": 1723690887.9817004, "_runtime": 1.1965153217315674, "_step": 999, "_wandb": {"runtime": 1}}