{"discounted_reward": 124.31038643980892, "cumulative_reward": 291, "episode_reward": 95, "_timestamp": 1723623072.1742601, "_runtime": 26.199146032333374, "_step": 2, "_wandb": {"runtime": 28}}