{"discounted_reward": 279.80542234498523, "cumulative_reward": 494, "episode_reward": 50, "_timestamp": 1723636964.4432082, "_runtime": 2.337968111038208, "_step": 9, "_wandb": {"runtime": 0}}