{"discounted_reward": 369.19595813580054, "cumulative_reward": 639, "episode_reward": 54, "_timestamp": 1723621137.463365, "_runtime": 74.60156106948853, "_step": 10, "normalized_rewards": 0.3333333333333333, "_wandb": {"runtime": 72}}