{"train_loss": 2918.22900390625, "_timestamp": 1723623855.481371, "_runtime": 580.4103310108185, "_step": 39, "_wandb": {"runtime": 593}}