{"discounted_returns": 0.01939777048185218, "_timestamp": 1723675367.4573853, "_runtime": 35.130290269851685, "_step": 17, "total_loss": 0.720860436272649, "_wandb": {"runtime": 34}}