{"discounted_reward": 279.6311924521617, "cumulative_reward": 486, "episode_reward": 45, "_timestamp": 1723628533.6380243, "_runtime": 2.3412182331085205, "_step": 9, "_wandb": {"runtime": 0}}