{"discounted_reward": 531.7918092242096, "cumulative_reward": 932, "episode_reward": 95, "_timestamp": 1723607754.8860493, "_runtime": 238.8320233821869, "_step": 10, "normalized_rewards": 0.9601328903654485, "_wandb": {"runtime": 236}}