{"discounted_reward": 312.1363735090727, "cumulative_reward": 559, "episode_reward": 58, "_timestamp": 1723663040.3899925, "_runtime": 89.12320947647095, "_step": 10, "normalized_rewards": 0.09915014164305949, "_wandb": {"runtime": 86}}