{"discounted_reward": 560.2418311710576, "cumulative_reward": 890, "episode_reward": 90, "episode_discount_reward": 57.81397612076422, "_timestamp": 1723774266.917707, "_runtime": 73.24762105941772, "_step": 9, "_wandb": {"runtime": 71}}