{"discounted_reward": 305.9697101696491, "cumulative_reward": 529, "episode_reward": 51, "_timestamp": 1723664959.1447854, "_runtime": 1.5147204399108887, "_step": 9, "_wandb": {"runtime": 0}}