{"discounted_reward": 282.0866532298586, "cumulative_reward": 484, "episode_reward": 41, "_timestamp": 1723652159.0840888, "_runtime": 1.4142258167266846, "_step": 9, "_wandb": {"runtime": 0}}