{"discounted_returns": 3.1950924102655303, "_timestamp": 1723730311.6555834, "_runtime": 23.545233488082886, "_step": 39, "total_loss": 12.769014340052381, "_wandb": {"runtime": 22}}