{"train_loss": 4609.93017578125, "_timestamp": 1723654706.148799, "_runtime": 4.9841148853302, "_step": 0, "_wandb": {"runtime": 5}}