{"discounted_reward": 0.0, "cumulative_reward": 0.0, "episode_reward": 0.0, "_timestamp": 1723691681.1388423, "_runtime": 4.958897352218628, "_step": 999, "_wandb": {"runtime": 3}}