{"discounted_reward": 547.8699633315915, "cumulative_reward": 959, "episode_reward": 93, "_timestamp": 1723586196.848717, "_runtime": 1.3819010257720947, "_step": 9, "_wandb": {"runtime": 0}}