{"discounted_reward": 553.4392097366828, "cumulative_reward": 974, "episode_reward": 99, "_timestamp": 1723581209.8807561, "_runtime": 288.17687702178955, "_step": 10, "normalized_rewards": 0.9585062240663901, "_wandb": {"runtime": 286}}