{"discounted_reward": 175.16887644100356, "cumulative_reward": 314, "episode_reward": 35, "_timestamp": 1723582138.545266, "_runtime": 285.1035678386688, "_step": 10, "normalized_rewards": -0.2897727272727273, "_wandb": {"runtime": 283}}