{"discounted_reward": 113.0837573481429, "cumulative_reward": 198, "episode_reward": 19, "_timestamp": 1723586649.0991206, "_runtime": 212.38873958587646, "_step": 10, "normalized_rewards": -0.5953878406708596, "_wandb": {"runtime": 210}}