{"discounted_returns": 0.9079768855910683, "_timestamp": 1723728139.5375032, "_runtime": 4.59512734413147, "_step": 1, "total_loss": 7.534820711915382, "_wandb": {"runtime": 3}}