{"discounted_reward": 290.2643328209622, "cumulative_reward": 508, "episode_reward": 47, "_timestamp": 1723663959.5095549, "_runtime": 2.7683119773864746, "_step": 9, "_wandb": {"runtime": 0}}