{"discounted_reward": 318.80266541547945, "cumulative_reward": 541, "episode_reward": 42, "_timestamp": 1723661763.3190873, "_runtime": 260.91241121292114, "_step": 10, "normalized_rewards": 0.08148148148148149, "_wandb": {"runtime": 258}}