{"discounted_reward": 504.59911388356454, "cumulative_reward": 877, "episode_reward": 83, "_timestamp": 1723663723.3814175, "_runtime": 1.3732025623321533, "_step": 9, "_wandb": {"runtime": 0}}