{"discounted_reward": 501.8228209291891, "cumulative_reward": 878, "episode_reward": 85, "_timestamp": 1723606761.9999113, "_runtime": 1.0944373607635498, "_step": 9, "_wandb": {"runtime": 0}}