{"discounted_reward": 568.625174915741, "cumulative_reward": 997, "episode_reward": 100, "_timestamp": 1723630613.9825795, "_runtime": 2.1615195274353027, "_step": 9, "_wandb": {"runtime": 0}}