{"train_loss": 744.8168334960938, "_timestamp": 1723689497.362582, "_runtime": 675.5493998527527, "_step": 99, "_wandb": {"runtime": 681}}