{"discounted_reward": 272.3143759251224, "cumulative_reward": 475, "episode_reward": 44, "_timestamp": 1723665209.7469654, "_runtime": 2.251338481903076, "_step": 9, "_wandb": {"runtime": 0}}