{"discounted_reward": 521.6258406057166, "cumulative_reward": 913, "episode_reward": 90, "_timestamp": 1723657599.6279645, "_runtime": 3.980428457260132, "_step": 9, "_wandb": {"runtime": 0}}