{"discounted_reward": 244.70581001849374, "cumulative_reward": 432, "episode_reward": 47, "_timestamp": 1723628332.102225, "_runtime": 2.7365219593048096, "_step": 9, "_wandb": {"runtime": 0}}