{"discounted_reward": 0.0, "cumulative_reward": 0.0, "episode_reward": 0.0, "_timestamp": 1723691314.3970563, "_runtime": 1.6519393920898438, "_step": 999, "_wandb": {"runtime": 1}}