{"discounted_reward": 272.19587343327066, "cumulative_reward": 479, "episode_reward": 47, "_timestamp": 1723671628.7363598, "_runtime": 104.69628882408142, "_step": 10, "normalized_rewards": -0.0670391061452514, "_wandb": {"runtime": 102}}