{"discounted_reward": 29.594977148895428, "cumulative_reward": 81, "episode_reward": 35, "_timestamp": 1723600737.57325, "_runtime": 20.969645977020264, "_step": 1, "_wandb": {"runtime": 25}}