{"discounted_reward": 400.7298682737856, "cumulative_reward": 725, "episode_reward": 88, "_timestamp": 1723595237.2994158, "_runtime": 1.3341667652130127, "_step": 9, "_wandb": {"runtime": 0}}