{"discounted_reward": 434.12081850168454, "cumulative_reward": 758, "episode_reward": 59, "_timestamp": 1723656204.593862, "_runtime": 80.76491117477417, "_step": 10, "normalized_rewards": 0.5515021459227468, "_wandb": {"runtime": 77}}