{"discounted_reward": 215.29696065955034, "cumulative_reward": 379, "episode_reward": 39, "_timestamp": 1723622411.2849162, "_runtime": 2.1560981273651123, "_step": 9, "_wandb": {"runtime": 0}}