{"discounted_returns": 7.057290641609614, "_timestamp": 1723748727.254913, "_runtime": 380.68527817726135, "_step": 19999, "total_loss": 0.7010802174884303, "_wandb": {"runtime": 379}}