{"discounted_reward": 264.6299572747268, "cumulative_reward": 467, "episode_reward": 49, "_timestamp": 1723581519.1919212, "_runtime": 3.5703132152557373, "_step": 9, "_wandb": {"runtime": 0}}