{"discounted_returns": 4.037938703682201, "_timestamp": 1723733135.1628242, "_runtime": 47.67802023887634, "_step": 111, "total_loss": 0.7394765757094709, "_wandb": {"runtime": 46}}