{"discounted_reward": 0.0, "cumulative_reward": 0, "episode_reward": 0, "_timestamp": 1723692012.916272, "_runtime": 31.572952032089233, "_step": 41, "_wandb": {"runtime": 29}}