{"discounted_reward": 513.5093248719544, "cumulative_reward": 901, "episode_reward": 90, "_timestamp": 1723612617.374748, "_runtime": 1.405076026916504, "_step": 9, "_wandb": {"runtime": 0}}