{"discounted_returns": 4.063507929635871, "_timestamp": 1723731579.6389313, "_runtime": 31.454092264175415, "_step": 49, "total_loss": 10.820366020335817, "_wandb": {"runtime": 30}}