{"discounted_reward": 549.9286663429665, "cumulative_reward": 963, "episode_reward": 96, "_timestamp": 1723609491.2837064, "_runtime": 218.00057435035706, "_step": 10, "normalized_rewards": 0.9978991596638656, "_wandb": {"runtime": 216}}