{"discounted_reward": 1807.1937240002526, "cumulative_reward": 1985, "episode_reward": 17, "episode_discount_reward": 15.528140219556686, "_timestamp": 1723771247.1038284, "_runtime": 277.95970845222473, "_step": 111, "_wandb": {"runtime": 278}}