{"discounted_reward": 289.3437918428149, "cumulative_reward": 514, "episode_reward": 51, "_timestamp": 1723658080.4163928, "_runtime": 4.150087833404541, "_step": 9, "_wandb": {"runtime": 0}}