{"train_loss": 2761.255859375, "_timestamp": 1723663615.2576277, "_runtime": 284.4968366622925, "_step": 19, "_wandb": {"runtime": 298}}