{"discounted_reward": 0.0, "cumulative_reward": 0.0, "episode_reward": 0.0, "_timestamp": 1723690865.7200482, "_runtime": 1.2115051746368408, "_step": 999, "_wandb": {"runtime": 1}}