{"discounted_reward": 146.55063166667145, "cumulative_reward": 161, "episode_reward": 19, "episode_discount_reward": 17.219306240276914, "_timestamp": 1723769679.5518053, "_runtime": 12.2225501537323, "_step": 8, "_wandb": {"runtime": 12}}