{"discounted_reward": 478.0542499021452, "cumulative_reward": 829, "episode_reward": 78, "_timestamp": 1723637169.087817, "_runtime": 80.31264805793762, "_step": 10, "normalized_rewards": 0.6726907630522089, "_wandb": {"runtime": 78}}