{"discounted_reward": 478.6945649955826, "cumulative_reward": 839, "episode_reward": 87, "_timestamp": 1723637608.0081654, "_runtime": 82.90160846710205, "_step": 10, "normalized_rewards": 0.6716101694915254, "_wandb": {"runtime": 80}}