{"discounted_reward": 169.4125878436542, "cumulative_reward": 294, "episode_reward": 34, "_timestamp": 1723628736.54986, "_runtime": 81.65647292137146, "_step": 10, "normalized_rewards": -0.5714285714285714, "_wandb": {"runtime": 79}}