{"discounted_reward": 174.1645021859999, "cumulative_reward": 305, "episode_reward": 29, "_timestamp": 1723582646.7955673, "_runtime": 239.65304827690125, "_step": 10, "normalized_rewards": -0.48758465011286684, "_wandb": {"runtime": 237}}