{"discounted_returns": 0.01043205635416556, "_timestamp": 1723684663.4427676, "_runtime": 13.44933557510376, "_step": 3, "total_loss": 3.79246363918297, "_wandb": {"runtime": 14}}