{"discounted_reward": 564.7617440013531, "cumulative_reward": 991, "episode_reward": 99, "_timestamp": 1723655388.5074687, "_runtime": 1.5890858173370361, "_step": 9, "_wandb": {"runtime": 0}}