{"discounted_returns": 2.2802907084890913, "_timestamp": 1723686974.3582637, "_runtime": 501.0015866756439, "_step": 499, "total_loss": 0.7697199571759963, "_wandb": {"runtime": 498}}