{"discounted_reward": 261.84041500567076, "cumulative_reward": 458, "episode_reward": 44, "_timestamp": 1723589431.4721882, "_runtime": 232.4418122768402, "_step": 10, "normalized_rewards": -0.23, "_wandb": {"runtime": 231}}