{"discounted_reward": 60.87275045461643, "cumulative_reward": 98, "episode_reward": 0, "_timestamp": 1723636434.9069293, "_runtime": 80.86268329620361, "_step": 10, "normalized_rewards": -0.8097165991902834, "_wandb": {"runtime": 77}}