{"discounted_returns": 4.779635796623328, "_timestamp": 1723715467.315908, "_runtime": 1040.2032408714294, "_step": 1999, "total_loss": 0.7744219461831094, "_wandb": {"runtime": 1038}}