{"train_loss": 1550.7960205078125, "_timestamp": 1723724936.7685204, "_runtime": 2.970177412033081, "_step": 0, "_wandb": {"runtime": 16}}