{"discounted_returns": 6.116843821676667, "_timestamp": 1723748337.9805243, "_runtime": 386.2653703689575, "_step": 19999, "total_loss": 0.9092182655820376, "_wandb": {"runtime": 384}}