{"discounted_reward": 291.59735620824887, "cumulative_reward": 509, "episode_reward": 52, "_timestamp": 1723664384.632127, "_runtime": 96.31536507606506, "_step": 10, "normalized_rewards": -0.037463976945244955, "_wandb": {"runtime": 94}}