{"discounted_reward": 0.0, "cumulative_reward": 0, "episode_reward": 0, "_timestamp": 1723692212.0719457, "_runtime": 10.398253679275513, "_step": 999, "_wandb": {"runtime": 9}}