{"train_loss": 7314.71728515625, "_timestamp": 1723619602.058236, "_runtime": 324.05871295928955, "_step": 9, "_wandb": {"runtime": 358}}