{"train_loss": 8431.783203125, "_timestamp": 1723591137.8929024, "_runtime": 38.79020547866821, "_step": 1, "_wandb": {"runtime": 47}}