{"discounted_reward": 335.08965821473527, "cumulative_reward": 587, "episode_reward": 56, "_timestamp": 1723659210.1541803, "_runtime": 100.60409021377563, "_step": 10, "normalized_rewards": 0.19444444444444445, "_wandb": {"runtime": 98}}