{"discounted_reward": 293.67098051290736, "cumulative_reward": 503, "episode_reward": 42, "_timestamp": 1723669029.879352, "_runtime": 92.40819311141968, "_step": 10, "normalized_rewards": 0.012048192771084338, "_wandb": {"runtime": 90}}