{"discounted_reward": 0, "cumulative_reward": 46, "episode_reward": 46, "_timestamp": 1723600833.795841, "_runtime": 7.177845001220703, "_step": 0, "_wandb": {"runtime": 13}}