{"discounted_reward": 513.5093248719544, "cumulative_reward": 901, "episode_reward": 90, "_timestamp": 1723620960.836221, "_runtime": 1.4989299774169922, "_step": 9, "_wandb": {"runtime": 0}}