{"discounted_returns": 0.3112038624051884, "_timestamp": 1723698465.8258138, "_runtime": 14.960511684417725, "_step": 9, "total_loss": 0.5867708854818484, "_wandb": {"runtime": 14}}