{"discounted_returns": 10.45175658812793, "_timestamp": 1723734789.1576655, "_runtime": 587.5593605041504, "_step": 29999, "total_loss": 0.8347560832569079, "_wandb": {"runtime": 586}}