{"discounted_reward": 486.69184184282034, "cumulative_reward": 847, "episode_reward": 88, "_timestamp": 1723656419.1428723, "_runtime": 80.6211793422699, "_step": 10, "normalized_rewards": 0.7140077821011673, "_wandb": {"runtime": 77}}