{"discounted_returns": 1.3474229034154903, "_timestamp": 1723680220.491993, "_runtime": 924.3915500640869, "_step": 499, "total_loss": 0.6462035312231933, "_wandb": {"runtime": 923}}