{"discounted_reward": 569.4601095460694, "cumulative_reward": 996, "episode_reward": 98, "_timestamp": 1723638070.9760396, "_runtime": 1.8968565464019775, "_step": 9, "_wandb": {"runtime": 1}}