{"discounted_reward": 289.21456968622437, "cumulative_reward": 515, "episode_reward": 55, "_timestamp": 1723654425.7870018, "_runtime": 7.7837488651275635, "_step": 9, "_wandb": {"runtime": 0}}