{"discounted_reward": 506.06495580269825, "cumulative_reward": 883, "episode_reward": 86, "_timestamp": 1723625145.5905983, "_runtime": 1.4188754558563232, "_step": 9, "_wandb": {"runtime": 1}}