{"discounted_reward": 309.89347588681073, "cumulative_reward": 556, "episode_reward": 56, "_timestamp": 1723670238.6865027, "_runtime": 99.79799771308899, "_step": 10, "normalized_rewards": 0.2604166666666667, "_wandb": {"runtime": 97}}