{"discounted_reward": 122.41654585925437, "cumulative_reward": 211, "episode_reward": 15, "_timestamp": 1723615844.6881673, "_runtime": 147.3244972229004, "_step": 6, "_wandb": {"runtime": 158}}