{"discounted_reward": 203.23450933345646, "cumulative_reward": 364, "episode_reward": 42, "_timestamp": 1723669505.4828832, "_runtime": 84.97757625579834, "_step": 8, "_wandb": {"runtime": 88}}