{"discounted_reward": 207.5730893112733, "cumulative_reward": 376, "episode_reward": 45, "_timestamp": 1723670917.0615168, "_runtime": 93.24448585510254, "_step": 10, "normalized_rewards": -0.24414715719063546, "_wandb": {"runtime": 91}}