{"discounted_reward": 305.137768088317, "cumulative_reward": 529, "episode_reward": 52, "_timestamp": 1723670356.465771, "_runtime": 94.9894700050354, "_step": 10, "normalized_rewards": 0.17437722419928825, "_wandb": {"runtime": 93}}