{"discounted_reward": 400.07263958723445, "cumulative_reward": 701, "episode_reward": 74, "_timestamp": 1723628769.38972, "_runtime": 0.9717180728912354, "_step": 9, "_wandb": {"runtime": 0}}