{"discounted_returns": 0.0, "_timestamp": 1723684684.8852608, "_runtime": 12.24321174621582, "_step": 3, "total_loss": 1.8755984013027045, "_wandb": {"runtime": 12}}