{"discounted_reward": 202.27663683955834, "cumulative_reward": 228, "episode_reward": 0, "_timestamp": 1723726427.7322953, "_runtime": 8.395383358001709, "_step": 999, "_wandb": {"runtime": 11}}