{"discounted_reward": 186.194103143934, "cumulative_reward": 312, "episode_reward": 26, "_timestamp": 1723581508.4970276, "_runtime": 288.402384519577, "_step": 10, "normalized_rewards": -0.4149377593360996, "_wandb": {"runtime": 286}}