{"discounted_reward": 505.05965006704355, "cumulative_reward": 885, "episode_reward": 93, "_timestamp": 1723658597.6217422, "_runtime": 1.0490572452545166, "_step": 9, "_wandb": {"runtime": 0}}