{"discounted_reward": 229.01140969681782, "cumulative_reward": 413, "episode_reward": 49, "_timestamp": 1723606739.5256617, "_runtime": 2.390246629714966, "_step": 9, "_wandb": {"runtime": 0}}