{"discounted_reward": 553.6266531100889, "cumulative_reward": 967, "episode_reward": 94, "_timestamp": 1723656027.052398, "_runtime": 1.416611909866333, "_step": 9, "_wandb": {"runtime": 0}}