{"discounted_reward": 289.3486620090217, "cumulative_reward": 509, "episode_reward": 56, "_timestamp": 1723670469.8832974, "_runtime": 2.218080520629883, "_step": 9, "_wandb": {"runtime": 0}}