{"discounted_returns": 2.125828886371542, "_timestamp": 1723735562.1291099, "_runtime": 36.659485816955566, "_step": 1691, "total_loss": 0.6614716523032454, "_wandb": {"runtime": 35}}