{"discounted_reward": 513.5093248719544, "cumulative_reward": 901, "episode_reward": 90, "_timestamp": 1723621054.097991, "_runtime": 2.5320310592651367, "_step": 9, "_wandb": {"runtime": 1}}