{"discounted_reward": 422.69020335091034, "cumulative_reward": 738, "episode_reward": 74, "_timestamp": 1723595745.508857, "_runtime": 1.3990941047668457, "_step": 9, "_wandb": {"runtime": 0}}