{"discounted_returns": 1.4421425888829815, "_timestamp": 1723686462.9773865, "_runtime": 498.00343656539917, "_step": 499, "total_loss": 0.6951970866097047, "_wandb": {"runtime": 496}}