{"discounted_returns": 0.10330341669694211, "_timestamp": 1723699996.4943874, "_runtime": 495.2501804828644, "_step": 343, "total_loss": 0.08677249369121118, "_wandb": {"runtime": 494}}