{"discounted_reward": 521.6258406057166, "cumulative_reward": 913, "episode_reward": 90, "_timestamp": 1723658105.279587, "_runtime": 1.5003650188446045, "_step": 9, "_wandb": {"runtime": 0}}