{"discounted_reward": 526.7517339106766, "cumulative_reward": 922, "episode_reward": 93, "_timestamp": 1723656331.1888263, "_runtime": 83.0875813961029, "_step": 10, "normalized_rewards": 0.8599221789883269, "_wandb": {"runtime": 81}}