{"train_loss": 856.248046875, "_timestamp": 1723752868.2914274, "_runtime": 553.257951259613, "_step": 8, "_wandb": {"runtime": 613}}