{"discounted_reward": 14.711215524960268, "cumulative_reward": 28, "episode_reward": 8, "_timestamp": 1723604347.5268455, "_runtime": 24.971880435943604, "_step": 1, "_wandb": {"runtime": 44}}