{"discounted_reward": 0.0, "cumulative_reward": 0, "episode_reward": 0, "_timestamp": 1723692486.2456856, "_runtime": 12.158459663391113, "_step": 999, "_wandb": {"runtime": 11}}