{"discounted_reward": 0.0, "cumulative_reward": 0.0, "episode_reward": 0.0, "_timestamp": 1723690206.9031575, "_runtime": 1.6556875705718994, "_step": 999, "_wandb": {"runtime": 1}}