{"discounted_reward": 546.8507259876228, "cumulative_reward": 962, "episode_reward": 98, "_timestamp": 1723629860.9192066, "_runtime": 81.9561915397644, "_step": 10, "normalized_rewards": 0.9272727272727272, "_wandb": {"runtime": 79}}