{"discounted_reward": 504.59911388356454, "cumulative_reward": 877, "episode_reward": 83, "_timestamp": 1723662693.518574, "_runtime": 3.4590890407562256, "_step": 9, "_wandb": {"runtime": 2}}