{"discounted_reward": 336.22155904174383, "cumulative_reward": 604, "episode_reward": 69, "_timestamp": 1723608752.9511733, "_runtime": 2.2378242015838623, "_step": 9, "_wandb": {"runtime": 0}}