{"discounted_reward": 397.51454412242924, "cumulative_reward": 694, "episode_reward": 64, "_timestamp": 1723627390.4958494, "_runtime": 77.26982831954956, "_step": 10, "normalized_rewards": 0.4986301369863014, "_wandb": {"runtime": 75}}