{"discounted_reward": 355.15231821919906, "cumulative_reward": 620, "episode_reward": 59, "_timestamp": 1723660226.9774168, "_runtime": 248.3576238155365, "_step": 10, "normalized_rewards": 0.2740112994350282, "_wandb": {"runtime": 246}}