{"discounted_reward": 0.0, "cumulative_reward": 0.0, "episode_reward": 0.0, "_timestamp": 1723691475.2558181, "_runtime": 3.166889190673828, "_step": 999, "_wandb": {"runtime": 1}}