{"discounted_reward": 244.61030670115463, "cumulative_reward": 428, "episode_reward": 45, "_timestamp": 1723628745.8150048, "_runtime": 2.7503929138183594, "_step": 9, "_wandb": {"runtime": 0}}