{"discounted_reward": 277.10576024029774, "cumulative_reward": 482, "episode_reward": 44, "_timestamp": 1723625989.119812, "_runtime": 2.4601991176605225, "_step": 9, "_wandb": {"runtime": 0}}