{"discounted_reward": 373.2916041318218, "cumulative_reward": 656, "episode_reward": 70, "_timestamp": 1723628442.262413, "_runtime": 77.88277792930603, "_step": 10, "normalized_rewards": 0.49448123620309054, "_wandb": {"runtime": 76}}