{"discounted_reward": 294.01541942612397, "cumulative_reward": 502, "episode_reward": 43, "_timestamp": 1723625339.6066813, "_runtime": 1.9849672317504883, "_step": 9, "_wandb": {"runtime": 0}}