{"discounted_reward": 472.0346162127914, "cumulative_reward": 831, "episode_reward": 86, "_timestamp": 1723636951.4445837, "_runtime": 81.52037954330444, "_step": 10, "normalized_rewards": 0.6546610169491526, "_wandb": {"runtime": 78}}