{"discounted_reward": 244.27507474409603, "cumulative_reward": 430, "episode_reward": 49, "_timestamp": 1723671163.041402, "_runtime": 2.222900152206421, "_step": 9, "_wandb": {"runtime": 0}}