{"discounted_reward": 289.016825596121, "cumulative_reward": 505, "episode_reward": 52, "_timestamp": 1723654901.5094686, "_runtime": 4.839925527572632, "_step": 9, "_wandb": {"runtime": 1}}