{"discounted_reward": 254.07091115086655, "cumulative_reward": 447, "episode_reward": 37, "_timestamp": 1723671643.137477, "_runtime": 2.354095935821533, "_step": 9, "_wandb": {"runtime": 0}}