{"discounted_reward": 318.5222460606788, "cumulative_reward": 560, "episode_reward": 54, "_timestamp": 1723669155.0550127, "_runtime": 98.49020671844482, "_step": 10, "normalized_rewards": 0.21555555555555556, "_wandb": {"runtime": 96}}