{"discounted_reward": 568.5142543755552, "cumulative_reward": 994, "episode_reward": 98, "_timestamp": 1723637422.363011, "_runtime": 2.519098997116089, "_step": 9, "_wandb": {"runtime": 0}}