{"discounted_reward": 527.0076513373851, "cumulative_reward": 927, "episode_reward": 94, "_timestamp": 1723655906.1773815, "_runtime": 78.1642656326294, "_step": 10, "normalized_rewards": 0.8732943469785575, "_wandb": {"runtime": 75}}