{"discounted_reward": 278.38697649109525, "cumulative_reward": 487, "episode_reward": 48, "_timestamp": 1723600791.0258446, "_runtime": 1.3103845119476318, "_step": 9, "_wandb": {"runtime": 0}}