{"discounted_reward": 298.7674879162451, "cumulative_reward": 517, "episode_reward": 48, "_timestamp": 1723660550.6507452, "_runtime": 274.7546682357788, "_step": 10, "normalized_rewards": -0.015384615384615385, "_wandb": {"runtime": 272}}