{"discounted_returns": 0.11871447870478308, "_timestamp": 1723701370.1448674, "_runtime": 233.51725149154663, "_step": 159, "total_loss": 0.41145647665473545, "_wandb": {"runtime": 232}}