{"discounted_reward": 437.8817685268664, "cumulative_reward": 748, "episode_reward": 71, "_timestamp": 1723657266.488568, "_runtime": 79.50656199455261, "_step": 10, "normalized_rewards": 0.5340425531914894, "_wandb": {"runtime": 76}}