{"discounted_reward": 169.06212747855793, "cumulative_reward": 290, "episode_reward": 17, "_timestamp": 1723596909.5317311, "_runtime": 212.46733808517456, "_step": 10, "normalized_rewards": 0.8842105263157894, "_wandb": {"runtime": 210}}