{"discounted_returns": 0.11366862617905352, "_timestamp": 1723705972.0712078, "_runtime": 888.6144456863403, "_step": 1999, "total_loss": 0.08729805255517264, "_wandb": {"runtime": 887}}