{"discounted_reward": 354.7999776549458, "cumulative_reward": 614, "episode_reward": 56, "_timestamp": 1723627597.5392845, "_runtime": 79.53802752494812, "_step": 10, "normalized_rewards": 0.2506265664160401, "_wandb": {"runtime": 77}}