{"discounted_reward": 1.1998773015247932, "cumulative_reward": 2, "episode_reward": 0, "episode_discount_reward": 0.0, "_timestamp": 1723775407.1495948, "_runtime": 14.813537836074829, "_step": 1, "_wandb": {"runtime": 24}}