{"discounted_reward": 67.77130970092516, "cumulative_reward": 158, "episode_reward": 53, "_timestamp": 1723663112.0803962, "_runtime": 31.07300114631653, "_step": 2, "_wandb": {"runtime": 34}}