{"discounted_reward": 185.43750067728064, "cumulative_reward": 325, "episode_reward": 30, "_timestamp": 1723593941.4788845, "_runtime": 206.947580575943, "_step": 10, "normalized_rewards": -1.1681818181818182, "_wandb": {"runtime": 204}}