{"discounted_reward": 279.1398870800853, "cumulative_reward": 494, "episode_reward": 55, "_timestamp": 1723630168.375422, "_runtime": 2.536025047302246, "_step": 9, "_wandb": {"runtime": 0}}