{"discounted_reward": 262.58183336894626, "cumulative_reward": 469, "episode_reward": 50, "_timestamp": 1723601040.096087, "_runtime": 1.323957920074463, "_step": 9, "_wandb": {"runtime": 0}}