{"discounted_reward": 557.7273012374261, "cumulative_reward": 978, "episode_reward": 98, "_timestamp": 1723580652.8732955, "_runtime": 227.51255750656128, "_step": 10, "normalized_rewards": 0.9808917197452229, "_wandb": {"runtime": 224}}