{"discounted_reward": 327.0641677895588, "cumulative_reward": 586, "episode_reward": 72, "_timestamp": 1723671172.9686234, "_runtime": 2.729536294937134, "_step": 9, "_wandb": {"runtime": 0}}