{"discounted_reward": 521.6258406057166, "cumulative_reward": 913, "episode_reward": 90, "_timestamp": 1723625363.7141552, "_runtime": 1.5603692531585693, "_step": 9, "_wandb": {"runtime": 0}}