{"discounted_reward": 294.5580217543485, "cumulative_reward": 516, "episode_reward": 53, "_timestamp": 1723662531.7446823, "_runtime": 2.7806313037872314, "_step": 9, "_wandb": {"runtime": 0}}