{"discounted_reward": 524.3483567149754, "cumulative_reward": 917, "episode_reward": 90, "_timestamp": 1723663981.9151511, "_runtime": 1.395801067352295, "_step": 9, "_wandb": {"runtime": 0}}