{"discounted_reward": 293.6411138764075, "cumulative_reward": 523, "episode_reward": 58, "_timestamp": 1723576902.4082668, "_runtime": 2.4349777698516846, "_step": 9, "_wandb": {"runtime": 5}}