{"discounted_reward": 192.043522978996, "cumulative_reward": 216, "episode_reward": 0, "_timestamp": 1723726383.2111633, "_runtime": 8.410601377487183, "_step": 999, "_wandb": {"runtime": 11}}