{"discounted_reward": 559.3775211056069, "cumulative_reward": 979, "episode_reward": 96, "_timestamp": 1723623036.935409, "_runtime": 1.3326549530029297, "_step": 9, "_wandb": {"runtime": 1}}