{"discounted_returns": 4.075677190793717, "_timestamp": 1723733814.3387146, "_runtime": 55.61473560333252, "_step": 135, "total_loss": 0.7602790001302792, "_wandb": {"runtime": 54}}