{"discounted_returns": 0.12108984131272245, "_timestamp": 1723706795.3868628, "_runtime": 30.36333966255188, "_step": 61, "total_loss": 0.5976440211893037, "_wandb": {"runtime": 29}}