{"discounted_reward": 295.3052964494179, "cumulative_reward": 514, "episode_reward": 53, "_timestamp": 1723626404.2306116, "_runtime": 79.7630865573883, "_step": 10, "normalized_rewards": 0.18930957683741648, "_wandb": {"runtime": 77}}