{"discounted_reward": 601.7457778119242, "cumulative_reward": 951, "episode_reward": 93, "episode_discount_reward": 58.840932683361714, "_timestamp": 1723776221.9264555, "_runtime": 113.78743958473206, "_step": 9, "_wandb": {"runtime": 112}}