{"discounted_returns": 0.9921003880395615, "_timestamp": 1723731429.1426535, "_runtime": 75.42383337020874, "_step": 123, "total_loss": 11.248618359854454, "_wandb": {"runtime": 74}}