{"train_loss": 2672.978759765625, "_timestamp": 1723665317.4379184, "_runtime": 4.497584342956543, "_step": 0, "_wandb": {"runtime": 10}}