{"train_loss": 10258.525390625, "_timestamp": 1723575369.6781533, "_runtime": 3.073906183242798, "_step": 0, "_wandb": {"runtime": 17}}