{"discounted_returns": 0.06222141178683659, "_timestamp": 1723675527.817821, "_runtime": 27.570637941360474, "_step": 11, "total_loss": 0.4635397755557642, "_wandb": {"runtime": 25}}