{"train_loss": 1129.052490234375, "_timestamp": 1723693222.2236116, "_runtime": 57.02939462661743, "_step": 10, "_wandb": {"runtime": 59}}