{"train_loss": 152.4860382080078, "_timestamp": 1723770011.4122636, "_runtime": 103.3322696685791, "_step": 5, "_wandb": {"runtime": 103}}