{"discounted_reward": 126.51877197553958, "cumulative_reward": 219, "episode_reward": 23, "_timestamp": 1723627894.4556556, "_runtime": 79.35815858840942, "_step": 10, "normalized_rewards": -0.6579572446555819, "_wandb": {"runtime": 77}}