{"discounted_returns": 0.1075839755262337, "_timestamp": 1723701695.586986, "_runtime": 35.342326164245605, "_step": 1, "total_loss": 12.423645049538463, "_wandb": {"runtime": 43}}