{"discounted_returns": 0.11391673375052754, "_timestamp": 1723709577.8911273, "_runtime": 100.057772397995, "_step": 213, "total_loss": 0.21117998907322033, "_wandb": {"runtime": 99}}