{"discounted_reward": 319.6006323160617, "cumulative_reward": 572, "episode_reward": 63, "_timestamp": 1723661456.269933, "_runtime": 282.4742650985718, "_step": 10, "normalized_rewards": 0.12658227848101267, "_wandb": {"runtime": 280}}