{"discounted_reward": 0.0, "cumulative_reward": 0.0, "episode_reward": 0.0, "_timestamp": 1723691391.0018785, "_runtime": 1.6510224342346191, "_step": 999, "_wandb": {"runtime": 1}}