{"discounted_reward": 0.0, "cumulative_reward": 0.0, "episode_reward": 0.0, "_timestamp": 1723690456.3224971, "_runtime": 1.726431131362915, "_step": 999, "_wandb": {"runtime": 1}}