{"discounted_reward": 0.0, "cumulative_reward": 0.0, "episode_reward": 0.0, "_timestamp": 1723691407.8868809, "_runtime": 10.473400831222534, "_step": 594, "_wandb": {"runtime": 8}}