{"discounted_reward": 269.1622637012892, "cumulative_reward": 477, "episode_reward": 53, "_timestamp": 1723658562.0073657, "_runtime": 102.44972681999207, "_step": 10, "normalized_rewards": -0.11048158640226628, "_wandb": {"runtime": 100}}