{"discounted_reward": 270.63430450621934, "cumulative_reward": 459, "episode_reward": 45, "_timestamp": 1723670014.3475242, "_runtime": 99.4455041885376, "_step": 10, "normalized_rewards": -0.1843137254901961, "_wandb": {"runtime": 97}}