{"discounted_reward": 319.03518378092673, "cumulative_reward": 561, "episode_reward": 54, "_timestamp": 1723587658.6412473, "_runtime": 2.2147862911224365, "_step": 9, "_wandb": {"runtime": 0}}