{"discounted_reward": 60.799034388586385, "cumulative_reward": 97, "episode_reward": 0, "_timestamp": 1723653972.2596083, "_runtime": 42.9371292591095, "_step": 4, "_wandb": {"runtime": 42}}