{"train_loss": 6498.814453125, "_timestamp": 1723619166.6826901, "_runtime": 2682.364035129547, "_step": 75}