{"discounted_reward": 569.4601095460694, "cumulative_reward": 996, "episode_reward": 98, "_timestamp": 1723656876.532023, "_runtime": 1.3776440620422363, "_step": 9, "_wandb": {"runtime": 0}}