{"discounted_reward": 265.6658557622616, "cumulative_reward": 465, "episode_reward": 41, "_timestamp": 1723664394.5713048, "_runtime": 2.4219107627868652, "_step": 9, "_wandb": {"runtime": 1}}