{"discounted_returns": 0.05573452842895414, "_timestamp": 1723677037.5770252, "_runtime": 13.78616714477539, "_step": 7, "total_loss": 2.0118838479137047, "_wandb": {"runtime": 13}}