{"discounted_reward": 521.6258406057166, "cumulative_reward": 913, "episode_reward": 90, "_timestamp": 1723664141.1359584, "_runtime": 1.3057584762573242, "_step": 9, "_wandb": {"runtime": 0}}