{"discounted_returns": 0.0007132425374249999, "_timestamp": 1723712323.555482, "_runtime": 73.03846096992493, "_step": 131, "total_loss": 254.48436796348128, "_wandb": {"runtime": 72}}