{"discounted_reward": 300.5487739195364, "cumulative_reward": 523, "episode_reward": 47, "_timestamp": 1723660241.6102576, "_runtime": 2.3744046688079834, "_step": 9, "_wandb": {"runtime": 0}}