{"discounted_reward": 334.80980433097716, "cumulative_reward": 582, "episode_reward": 57, "_timestamp": 1723593697.227506, "_runtime": 1.3105969429016113, "_step": 9, "_wandb": {"runtime": 1}}