{"discounted_reward": 293.49933035497594, "cumulative_reward": 512, "episode_reward": 52, "_timestamp": 1723627278.8093426, "_runtime": 1.5221855640411377, "_step": 9, "_wandb": {"runtime": 0}}