{"discounted_returns": 0.11058318621822832, "_timestamp": 1723699222.4338257, "_runtime": 134.6434667110443, "_step": 85, "total_loss": 0.17415225062121165, "_wandb": {"runtime": 135}}