{"discounted_reward": 313.01925677855064, "cumulative_reward": 548, "episode_reward": 53, "_timestamp": 1723671517.1625414, "_runtime": 102.79975748062134, "_step": 10, "normalized_rewards": 0.31843575418994413, "_wandb": {"runtime": 101}}