{"train_loss": 1024.5928955078125, "_timestamp": 1723765098.974097, "_runtime": 2.7479541301727295, "_step": 0, "_wandb": {"runtime": 5}}