{"train_loss": 1184.584716796875, "_timestamp": 1723766341.192805, "_runtime": 1194.1044430732727, "_step": 19, "_wandb": {"runtime": 1255}}