{"discounted_reward": 505.05965006704355, "cumulative_reward": 885, "episode_reward": 93, "_timestamp": 1723664417.892729, "_runtime": 2.3115310668945312, "_step": 9, "_wandb": {"runtime": 0}}