{"train_loss": 149.2579345703125, "_timestamp": 1723770887.243657, "_runtime": 848.9268732070923, "_step": 49, "_wandb": {"runtime": 864}}