{"discounted_returns": 0.5678135354993598, "_timestamp": 1723684600.5572119, "_runtime": 16.295344829559326, "_step": 5, "total_loss": 1.9300505946836104, "_wandb": {"runtime": 17}}