{"discounted_returns": 2.0743459129075057, "_timestamp": 1723731315.5790582, "_runtime": 15.726099252700806, "_step": 23, "total_loss": 41.69793034117205, "_wandb": {"runtime": 15}}