{"discounted_reward": 405.78064664877866, "cumulative_reward": 714, "episode_reward": 73, "_timestamp": 1723594681.1602724, "_runtime": 226.3540654182434, "_step": 10, "normalized_rewards": 0.34352941176470586, "_wandb": {"runtime": 224}}