{"discounted_reward": 564.9975217115342, "cumulative_reward": 989, "episode_reward": 97, "_timestamp": 1723577883.0046961, "_runtime": 1.2518830299377441, "_step": 9, "_wandb": {"runtime": 1}}