{"train_loss": 818.1419677734375, "_timestamp": 1723688796.0264485, "_runtime": 9.237341403961182, "_step": 1, "_wandb": {"runtime": 10}}