{"discounted_reward": 375.1300597891671, "cumulative_reward": 670, "episode_reward": 77, "_timestamp": 1723670934.5890164, "_runtime": 2.3293564319610596, "_step": 9, "_wandb": {"runtime": 0}}