{"discounted_returns": 0.378240744160125, "_timestamp": 1723731740.882396, "_runtime": 74.62487292289734, "_step": 159, "total_loss": 1.2772622202365893, "_wandb": {"runtime": 73}}