{"discounted_reward": 109.78704336853653, "cumulative_reward": 194, "episode_reward": 20, "_timestamp": 1723606214.4988792, "_runtime": 229.6589252948761, "_step": 10, "normalized_rewards": -0.358974358974359, "_wandb": {"runtime": 228}}