{"discounted_reward": 567.5542337258328, "cumulative_reward": 993, "episode_reward": 98, "_timestamp": 1723629557.5443587, "_runtime": 1.3999717235565186, "_step": 9, "_wandb": {"runtime": 0}}