{"discounted_reward": 0.0, "cumulative_reward": 0, "episode_reward": 0, "_timestamp": 1723694935.5398636, "_runtime": 8.04025149345398, "_step": 999, "_wandb": {"runtime": 11}}