{"discounted_reward": 0.0, "cumulative_reward": 0.0, "episode_reward": 0.0, "_timestamp": 1723690833.1790664, "_runtime": 1.634204387664795, "_step": 999, "_wandb": {"runtime": 1}}