{"discounted_reward": 271.6636155772314, "cumulative_reward": 484, "episode_reward": 51, "_timestamp": 1723653893.2640274, "_runtime": 2.2335894107818604, "_step": 9, "_wandb": {"runtime": 0}}