{"discounted_returns": 1.9228407534008025, "_timestamp": 1723729961.4025319, "_runtime": 186.73133492469788, "_step": 363, "total_loss": 6.947244790699549, "_wandb": {"runtime": 186}}