{"discounted_reward": 0.0, "cumulative_reward": 0.0, "episode_reward": 0.0, "_timestamp": 1723690959.6524782, "_runtime": 1.5241942405700684, "_step": 999, "_wandb": {"runtime": 0}}