{"discounted_reward": 98.18817744446417, "cumulative_reward": 187, "episode_reward": 26, "_timestamp": 1723608256.0458896, "_runtime": 219.78991055488586, "_step": 10, "normalized_rewards": -0.6567164179104478, "_wandb": {"runtime": 217}}