{"discounted_reward": 269.6301999453102, "cumulative_reward": 484, "episode_reward": 57, "_timestamp": 1723658823.5118742, "_runtime": 3.2749900817871094, "_step": 9, "_wandb": {"runtime": 1}}