{"discounted_reward": 0.0, "cumulative_reward": 0.0, "episode_reward": 0.0, "_timestamp": 1723691244.4390554, "_runtime": 1.500744342803955, "_step": 999, "_wandb": {"runtime": 1}}