{"discounted_reward": 348.19301227876764, "cumulative_reward": 606, "episode_reward": 55, "_timestamp": 1723597190.8592973, "_runtime": 237.7712893486023, "_step": 10, "normalized_rewards": 0.28034682080924855, "_wandb": {"runtime": 235}}