{"discounted_reward": 501.0940436643453, "cumulative_reward": 867, "episode_reward": 90, "_timestamp": 1723656631.853426, "_runtime": 80.75059008598328, "_step": 10, "normalized_rewards": 0.7209302325581395, "_wandb": {"runtime": 77}}