{"discounted_reward": 490.5964166541646, "cumulative_reward": 869, "episode_reward": 92, "_timestamp": 1723628143.3548822, "_runtime": 1.5181381702423096, "_step": 9, "_wandb": {"runtime": 0}}