{"discounted_reward": 254.58055626122524, "cumulative_reward": 458, "episode_reward": 54, "_timestamp": 1723604193.4881642, "_runtime": 1.5008771419525146, "_step": 9, "_wandb": {"runtime": 7}}