{"discounted_returns": 0.10263268479713661, "_timestamp": 1723702927.463552, "_runtime": 452.3601989746094, "_step": 249, "total_loss": 0.13615273597923347, "_wandb": {"runtime": 452}}