{"discounted_reward": 312.53071674458863, "cumulative_reward": 565, "episode_reward": 53, "_timestamp": 1723658997.3652725, "_runtime": 101.96952962875366, "_step": 10, "normalized_rewards": 0.13333333333333333, "_wandb": {"runtime": 98}}