{"discounted_reward": 517.9569649180711, "cumulative_reward": 923, "episode_reward": 95, "_timestamp": 1723655479.5536394, "_runtime": 82.15748333930969, "_step": 10, "normalized_rewards": 0.8634538152610441, "_wandb": {"runtime": 80}}