{"discounted_reward": 210.26129222761082, "cumulative_reward": 381, "episode_reward": 54, "_timestamp": 1723613791.4153981, "_runtime": 182.30969500541687, "_step": 6, "_wandb": {"runtime": 191}}