{"discounted_reward": 565.948807005268, "cumulative_reward": 993, "episode_reward": 100, "_timestamp": 1723594203.7041814, "_runtime": 1.292776346206665, "_step": 9, "_wandb": {"runtime": 0}}