{"discounted_reward": 294.7127898122522, "cumulative_reward": 514, "episode_reward": 48, "_timestamp": 1723627484.9412608, "_runtime": 2.2406039237976074, "_step": 9, "_wandb": {"runtime": 0}}