{"discounted_returns": 0.004804973146633569, "_timestamp": 1723675110.7911665, "_runtime": 603.0874586105347, "_step": 335, "total_loss": 0.4564126114369334, "_wandb": {"runtime": 604}}