{"discounted_reward": 270.45372932900455, "cumulative_reward": 494, "episode_reward": 61, "_timestamp": 1723637620.3244927, "_runtime": 2.6218526363372803, "_step": 9, "_wandb": {"runtime": 0}}