{"train_loss": 1104.734130859375, "_timestamp": 1723750287.4519072, "_runtime": 746.4954991340637, "_step": 11, "_wandb": {"runtime": 783}}