{"discounted_reward": 287.7842983070377, "cumulative_reward": 495, "episode_reward": 44, "_timestamp": 1723626822.3980806, "_runtime": 79.7411036491394, "_step": 10, "normalized_rewards": 0.062, "_wandb": {"runtime": 77}}