{"discounted_reward": 228.27050468233162, "cumulative_reward": 395, "episode_reward": 36, "_timestamp": 1723625122.0660937, "_runtime": 2.335599660873413, "_step": 9, "_wandb": {"runtime": 0}}