{"discounted_reward": 296.80760765896775, "cumulative_reward": 517, "episode_reward": 53, "_timestamp": 1723658859.2882922, "_runtime": 1.3745052814483643, "_step": 9, "_wandb": {"runtime": 0}}