{"discounted_reward": 376.46911554341233, "cumulative_reward": 661, "episode_reward": 65, "_timestamp": 1723589167.6688235, "_runtime": 223.62127351760864, "_step": 10, "normalized_rewards": 0.6376146788990825, "_wandb": {"runtime": 221}}