{"discounted_reward": 382.3749290839248, "cumulative_reward": 663, "episode_reward": 66, "_timestamp": 1723625776.5098479, "_runtime": 2.3344948291778564, "_step": 9, "_wandb": {"runtime": 0}}