{"train_loss": 7575.7705078125, "_timestamp": 1723598466.8307672, "_runtime": 37.428367137908936, "_step": 1, "_wandb": {"runtime": 44}}