{"discounted_reward": 253.68453606550224, "cumulative_reward": 457, "episode_reward": 48, "_timestamp": 1723592770.1009974, "_runtime": 1.506805419921875, "_step": 9, "_wandb": {"runtime": 0}}