{"discounted_reward": 466.0546482832081, "cumulative_reward": 793, "episode_reward": 66, "_timestamp": 1723605700.949132, "_runtime": 209.67939591407776, "_step": 10, "normalized_rewards": 0.7320099255583127, "_wandb": {"runtime": 208}}