{"discounted_reward": 281.67337805457737, "cumulative_reward": 488, "episode_reward": 44, "_timestamp": 1723652341.4679532, "_runtime": 4.068599224090576, "_step": 9, "_wandb": {"runtime": 1}}