{"train_loss": 1687.5902099609375, "_timestamp": 1723768497.28793, "_runtime": 3.774717092514038, "_step": 0}