{"discounted_reward": 285.06578001200023, "cumulative_reward": 502, "episode_reward": 49, "_timestamp": 1723655581.4084444, "_runtime": 4.890604496002197, "_step": 9, "_wandb": {"runtime": 0}}