{"discounted_reward": 0, "cumulative_reward": 58, "episode_reward": 58, "_timestamp": 1723593480.4045103, "_runtime": 25.57556128501892, "_step": 0, "_wandb": {"runtime": 40}}