{"discounted_reward": 298.87034227291167, "cumulative_reward": 520, "episode_reward": 49, "_timestamp": 1723663197.6426027, "_runtime": 1.8477287292480469, "_step": 9, "_wandb": {"runtime": 0}}