{"discounted_reward": 464.1672178510905, "cumulative_reward": 822, "episode_reward": 82, "_timestamp": 1723637822.3221657, "_runtime": 82.68617463111877, "_step": 10, "normalized_rewards": 0.6495049504950495, "_wandb": {"runtime": 80}}