{"discounted_reward": 546.594354213851, "cumulative_reward": 960, "episode_reward": 97, "_timestamp": 1723630702.3093271, "_runtime": 79.06356406211853, "_step": 10, "normalized_rewards": 0.9251012145748988, "_wandb": {"runtime": 77}}