{"discounted_reward": 0.0, "cumulative_reward": 0.0, "episode_reward": 0.0, "_timestamp": 1723691176.9491065, "_runtime": 1.7352783679962158, "_step": 999, "_wandb": {"runtime": 4}}