{"discounted_reward": 553.6266531100889, "cumulative_reward": 967, "episode_reward": 94, "_timestamp": 1723637204.120519, "_runtime": 1.4694828987121582, "_step": 9, "_wandb": {"runtime": 0}}