{"discounted_reward": 2.315339251101273, "cumulative_reward": 7, "episode_reward": 2, "_timestamp": 1723636649.1215873, "_runtime": 78.19084429740906, "_step": 10, "normalized_rewards": -0.9485148514851485, "_wandb": {"runtime": 75}}