{"discounted_reward": 431.2352174856858, "cumulative_reward": 753, "episode_reward": 74, "_timestamp": 1723587910.9176624, "_runtime": 229.09596943855286, "_step": 10, "normalized_rewards": 1.1098265895953756, "_wandb": {"runtime": 227}}