{"discounted_reward": 576.7162557385548, "cumulative_reward": 910, "episode_reward": 94, "episode_discount_reward": 60.2445672570459, "_timestamp": 1723773937.4184167, "_runtime": 73.58065366744995, "_step": 9, "_wandb": {"runtime": 71}}