{"discounted_reward": 232.80764427027313, "cumulative_reward": 400, "episode_reward": 35, "_timestamp": 1723622745.79347, "_runtime": 1.5039598941802979, "_step": 9, "_wandb": {"runtime": 2}}