{"discounted_reward": 303.82251724848254, "cumulative_reward": 558, "episode_reward": 80, "_timestamp": 1723604070.7737064, "_runtime": 217.73788142204285, "_step": 8, "_wandb": {"runtime": 242}}