{"discounted_reward": 341.99096112750124, "cumulative_reward": 612, "episode_reward": 66, "_timestamp": 1723615687.0237532, "_runtime": 209.021338224411, "_step": 10, "normalized_rewards": 0.26649746192893403, "_wandb": {"runtime": 207}}