{"discounted_reward": 521.6258406057166, "cumulative_reward": 913, "episode_reward": 90, "_timestamp": 1723669172.6581516, "_runtime": 1.775322675704956, "_step": 9, "_wandb": {"runtime": 0}}