{"discounted_reward": 312.1363735090727, "cumulative_reward": 559, "episode_reward": 58, "_timestamp": 1723669780.6676254, "_runtime": 95.54598832130432, "_step": 10, "normalized_rewards": 0.16326530612244897, "_wandb": {"runtime": 93}}