{"discounted_reward": 298.2563158984324, "cumulative_reward": 527, "episode_reward": 55, "_timestamp": 1723669556.1684642, "_runtime": 1.3057482242584229, "_step": 9, "_wandb": {"runtime": 0}}