{"discounted_reward": 111.50916591936888, "cumulative_reward": 192, "episode_reward": 17, "_timestamp": 1723590042.2987375, "_runtime": 286.81523156166077, "_step": 10, "normalized_rewards": -1.6478260869565218, "_wandb": {"runtime": 284}}