{"discounted_reward": 77.21336942585864, "cumulative_reward": 130, "episode_reward": 11, "_timestamp": 1723629302.0541177, "_runtime": 78.92912459373474, "_step": 10, "normalized_rewards": -0.689108910891089, "_wandb": {"runtime": 76}}