{"discounted_reward": 270.7852120854833, "cumulative_reward": 480, "episode_reward": 50, "_timestamp": 1723656216.3959324, "_runtime": 5.5696494579315186, "_step": 9, "_wandb": {"runtime": 0}}