{"discounted_reward": 572.980643154868, "cumulative_reward": 902, "episode_reward": 92, "episode_discount_reward": 58.33256382189762, "_timestamp": 1723774617.5955517, "_runtime": 75.47583866119385, "_step": 9, "_wandb": {"runtime": 74}}