{"train_loss": 1067.677734375, "_timestamp": 1723692787.4179146, "_runtime": 3.8646717071533203, "_step": 0, "_wandb": {"runtime": 7}}