{"discounted_reward": 307.48958777176745, "cumulative_reward": 535, "episode_reward": 47, "_timestamp": 1723628112.1356173, "_runtime": 83.01062035560608, "_step": 10, "normalized_rewards": 0.03816793893129771, "_wandb": {"runtime": 81}}