{"discounted_returns": 1.6237711175111584, "_timestamp": 1723729648.8909981, "_runtime": 72.77542018890381, "_step": 131, "total_loss": 8.581249494792091, "_wandb": {"runtime": 72}}