{"discounted_reward": 267.15930424212047, "cumulative_reward": 474, "episode_reward": 50, "_timestamp": 1723604603.3024025, "_runtime": 1.4087655544281006, "_step": 9, "_wandb": {"runtime": 0}}