{"discounted_reward": 443.6504656846892, "cumulative_reward": 702, "episode_reward": 66, "episode_discount_reward": 42.28813354062303, "_timestamp": 1723776311.4231746, "_runtime": 81.74863171577454, "_step": 9, "_wandb": {"runtime": 80}}