{"discounted_reward": 207.5730893112733, "cumulative_reward": 376, "episode_reward": 45, "_timestamp": 1723658813.648975, "_runtime": 101.49724388122559, "_step": 10, "normalized_rewards": -0.2354368932038835, "_wandb": {"runtime": 99}}