{"discounted_reward": 491.5162467468619, "cumulative_reward": 855, "episode_reward": 83, "_timestamp": 1723596946.4642239, "_runtime": 1.3692519664764404, "_step": 9, "_wandb": {"runtime": 0}}