{"discounted_reward": 283.3499396189963, "cumulative_reward": 490, "episode_reward": 40, "_timestamp": 1723663830.4467287, "_runtime": 2.037968635559082, "_step": 9, "_wandb": {"runtime": 0}}