{"discounted_reward": 287.52519392575834, "cumulative_reward": 502, "episode_reward": 44, "_timestamp": 1723655018.7830813, "_runtime": 1.5756213665008545, "_step": 9, "_wandb": {"runtime": 0}}