{"train_loss": 7201.40771484375, "_timestamp": 1723592660.0994208, "_runtime": 1394.9815497398376, "_step": 39, "_wandb": {"runtime": 1430}}