{"discounted_reward": 500.5311239082996, "cumulative_reward": 887, "episode_reward": 96, "_timestamp": 1723593616.553902, "_runtime": 0.869459867477417, "_step": 9, "_wandb": {"runtime": 0}}