{"discounted_reward": 279.4970613102171, "cumulative_reward": 500, "episode_reward": 60, "_timestamp": 1723579904.0906858, "_runtime": 2.2257487773895264, "_step": 9, "_wandb": {"runtime": 0}}