{"discounted_reward": 288.31047434050555, "cumulative_reward": 497, "episode_reward": 45, "_timestamp": 1723606223.2353656, "_runtime": 2.153158664703369, "_step": 9, "_wandb": {"runtime": 0}}