{"discounted_reward": 267.0348375972084, "cumulative_reward": 471, "episode_reward": 50, "_timestamp": 1723604222.5771308, "_runtime": 1.5081238746643066, "_step": 9, "_wandb": {"runtime": 9}}