{"discounted_reward": 311.91584877568454, "cumulative_reward": 552, "episode_reward": 57, "_timestamp": 1723595717.351608, "_runtime": 2.2414159774780273, "_step": 9, "_wandb": {"runtime": 0}}