{"train_loss": 149.1881103515625, "_timestamp": 1723779297.0545027, "_runtime": 876.0535087585449, "_step": 49, "_wandb": {"runtime": 892}}