{"discounted_reward": 190.92204175034564, "cumulative_reward": 349, "episode_reward": 48, "_timestamp": 1723590217.2885828, "_runtime": 167.29608368873596, "_step": 6, "_wandb": {"runtime": 168}}