{"discounted_reward": 549.7635805790752, "cumulative_reward": 961, "episode_reward": 93, "_timestamp": 1723592782.486196, "_runtime": 1.3720271587371826, "_step": 9, "_wandb": {"runtime": 0}}