{"discounted_returns": 3.7364903161425853, "_timestamp": 1723728536.763759, "_runtime": 34.165899991989136, "_step": 53, "total_loss": 15.048442446239507, "_wandb": {"runtime": 33}}