{"discounted_returns": 4.366043288570528, "_timestamp": 1723747543.8989787, "_runtime": 391.9915428161621, "_step": 19999, "total_loss": 0.6525394841066554, "_wandb": {"runtime": 390}}