{"discounted_returns": 0.023474765635007652, "_timestamp": 1723743711.524968, "_runtime": 91.50391292572021, "_step": 4473, "total_loss": 0.09270845712637603, "_wandb": {"runtime": 90}}