{"discounted_reward": 0.0, "cumulative_reward": 0, "episode_reward": 0, "_timestamp": 1723695314.5589812, "_runtime": 8.190122127532959, "_step": 999, "_wandb": {"runtime": 11}}