{"discounted_returns": 4.626710748528292, "_timestamp": 1723712086.0722065, "_runtime": 528.9296045303345, "_step": 1057, "total_loss": 0.9517542250116534, "_wandb": {"runtime": 528}}