{"train_loss": 2856.42724609375, "_timestamp": 1723662451.1358562, "_runtime": 283.74426007270813, "_step": 19, "_wandb": {"runtime": 297}}