{"discounted_reward": 313.99029166109074, "cumulative_reward": 539, "episode_reward": 48, "_timestamp": 1723657335.7131386, "_runtime": 3.710284471511841, "_step": 9, "_wandb": {"runtime": 0}}