{"discounted_reward": 340.6519423783158, "cumulative_reward": 586, "episode_reward": 51, "_timestamp": 1723597446.0761604, "_runtime": 2.2137033939361572, "_step": 9, "_wandb": {"runtime": 0}}