{"discounted_returns": 0.10389390661293045, "_timestamp": 1723703462.5537872, "_runtime": 134.26935029029846, "_step": 21, "total_loss": 1.037985828680117, "_wandb": {"runtime": 133}}