{"discounted_reward": 274.979118087174, "cumulative_reward": 489, "episode_reward": 54, "_timestamp": 1723619835.9447534, "_runtime": 1.497779369354248, "_step": 9, "_wandb": {"runtime": 0}}