{"discounted_reward": 549.3277236687105, "cumulative_reward": 962, "episode_reward": 98, "_timestamp": 1723579919.1220396, "_runtime": 1.3401145935058594, "_step": 9, "_wandb": {"runtime": 0}}