{"discounted_reward": 537.7313590562013, "cumulative_reward": 944, "episode_reward": 95, "_timestamp": 1723625800.5570102, "_runtime": 1.020672082901001, "_step": 9, "_wandb": {"runtime": 0}}