{"discounted_reward": 273.433779880078, "cumulative_reward": 480, "episode_reward": 50, "_timestamp": 1723670245.7992682, "_runtime": 1.8207511901855469, "_step": 9, "_wandb": {"runtime": 0}}