{"discounted_reward": 318.0277850493985, "cumulative_reward": 549, "episode_reward": 49, "_timestamp": 1723627684.0716255, "_runtime": 79.61647057533264, "_step": 10, "normalized_rewards": 0.08771929824561403, "_wandb": {"runtime": 78}}