{"discounted_reward": 327.3499544307409, "cumulative_reward": 572, "episode_reward": 56, "_timestamp": 1723659969.1182861, "_runtime": 252.73011922836304, "_step": 10, "normalized_rewards": 0.1384180790960452, "_wandb": {"runtime": 250}}