{"train_loss": 3527.427490234375, "_timestamp": 1723743841.7188735, "_runtime": 4.445648431777954, "_step": 0, "_wandb": {"runtime": 41}}