{"discounted_reward": 287.5677920674513, "cumulative_reward": 509, "episode_reward": 51, "_timestamp": 1723596919.2637608, "_runtime": 1.7491319179534912, "_step": 9, "_wandb": {"runtime": 0}}