{"discounted_returns": 0.07912642387469146, "_timestamp": 1723729130.0677595, "_runtime": 23.75988745689392, "_step": 1, "total_loss": 22.50517708374071, "_wandb": {"runtime": 42}}