{"discounted_reward": 281.8780631390672, "cumulative_reward": 496, "episode_reward": 52, "_timestamp": 1723630380.106998, "_runtime": 2.309262990951538, "_step": 9, "_wandb": {"runtime": 0}}