{"discounted_reward": 0.0, "cumulative_reward": 0, "episode_reward": 0, "_timestamp": 1723695338.6341372, "_runtime": 12.519613265991211, "_step": 999, "_wandb": {"runtime": 12}}