{"discounted_reward": 504.59911388356454, "cumulative_reward": 877, "episode_reward": 83, "_timestamp": 1723657362.7461948, "_runtime": 1.1999268531799316, "_step": 9, "_wandb": {"runtime": 0}}