{"discounted_reward": 296.3313285943022, "cumulative_reward": 522, "episode_reward": 49, "_timestamp": 1723637397.7229204, "_runtime": 3.689934492111206, "_step": 9, "_wandb": {"runtime": 0}}