{"discounted_reward": 203.84561180063673, "cumulative_reward": 363, "episode_reward": 38, "_timestamp": 1723604897.6006737, "_runtime": 4.946085691452026, "_step": 9, "_wandb": {"runtime": 0}}