{"discounted_reward": 472.34001777752235, "cumulative_reward": 822, "episode_reward": 82, "_timestamp": 1723637386.7394962, "_runtime": 82.51236128807068, "_step": 10, "normalized_rewards": 0.6854663774403471, "_wandb": {"runtime": 80}}