{"discounted_reward": 380.9269434944064, "cumulative_reward": 605, "episode_reward": 57, "episode_discount_reward": 37.003354157926715, "_timestamp": 1723780952.8983738, "_runtime": 142.06689190864563, "_step": 9, "_wandb": {"runtime": 140}}