{"discounted_reward": 501.8228209291891, "cumulative_reward": 878, "episode_reward": 85, "_timestamp": 1723621418.35565, "_runtime": 1.888598918914795, "_step": 9, "_wandb": {"runtime": 0}}