{"discounted_reward": 564.7617440013531, "cumulative_reward": 991, "episode_reward": 99, "_timestamp": 1723636559.8426921, "_runtime": 3.420267105102539, "_step": 9, "_wandb": {"runtime": 0}}