{"discounted_reward": 513.5093248719544, "cumulative_reward": 901, "episode_reward": 90, "_timestamp": 1723619863.1628478, "_runtime": 1.4049017429351807, "_step": 9, "_wandb": {"runtime": 0}}