{"discounted_reward": 568.5142543755552, "cumulative_reward": 994, "episode_reward": 98, "_timestamp": 1723636773.1443307, "_runtime": 1.4487457275390625, "_step": 9, "_wandb": {"runtime": 0}}