{"discounted_reward": 279.3831902916131, "cumulative_reward": 481, "episode_reward": 41, "_timestamp": 1723589176.2591836, "_runtime": 2.1124966144561768, "_step": 9, "_wandb": {"runtime": 0}}