{"discounted_reward": 203.84561180063673, "cumulative_reward": 363, "episode_reward": 38, "_timestamp": 1723604481.444887, "_runtime": 1.4758548736572266, "_step": 9, "_wandb": {"runtime": 0}}