{"discounted_reward": 268.33939836082345, "cumulative_reward": 472, "episode_reward": 45, "_timestamp": 1723658310.8872254, "_runtime": 97.63682341575623, "_step": 10, "normalized_rewards": -0.10526315789473684, "_wandb": {"runtime": 95}}