{"discounted_returns": 0.2001504592240821, "_timestamp": 1723673567.876756, "_runtime": 59.408442974090576, "_step": 19, "total_loss": 3.073925634175539, "_wandb": {"runtime": 60}}