{"discounted_reward": 550.5777689713349, "cumulative_reward": 964, "episode_reward": 96, "_timestamp": 1723626647.657189, "_runtime": 1.0174729824066162, "_step": 9, "_wandb": {"runtime": 0}}