{"train_loss": 2573.976318359375, "_timestamp": 1723654343.2197766, "_runtime": 284.2920227050781, "_step": 19, "_wandb": {"runtime": 298}}