{"train_loss": 2629.613037109375, "_timestamp": 1723664866.0805974, "_runtime": 283.363986492157, "_step": 19, "_wandb": {"runtime": 296}}