{"discounted_reward": 397.9437663245521, "cumulative_reward": 696, "episode_reward": 70, "_timestamp": 1723588417.9261985, "_runtime": 236.9016945362091, "_step": 10, "normalized_rewards": 0.5008517887563884, "_wandb": {"runtime": 235}}