{"discounted_reward": 214.07127217560176, "cumulative_reward": 381, "episode_reward": 38, "_timestamp": 1723622533.9875991, "_runtime": 88.9157931804657, "_step": 10, "normalized_rewards": 0.003968253968253968, "_wandb": {"runtime": 86}}