{"discounted_returns": 4.047234543239846, "_timestamp": 1723739448.846705, "_runtime": 2050.3424999713898, "_step": 99999, "total_loss": 0.6638132892811082, "_wandb": {"runtime": 2049}}