{"discounted_reward": 535.1780235585904, "cumulative_reward": 925, "episode_reward": 88, "_timestamp": 1723655698.453083, "_runtime": 83.20262002944946, "_step": 10, "normalized_rewards": 0.8597560975609756, "_wandb": {"runtime": 79}}