{"discounted_reward": 468.0940946368238, "cumulative_reward": 794, "episode_reward": 59, "_timestamp": 1723655354.753383, "_runtime": 80.82592296600342, "_step": 10, "normalized_rewards": 0.5840336134453782, "_wandb": {"runtime": 78}}