{"discounted_reward": 298.39093587364545, "cumulative_reward": 517, "episode_reward": 53, "_timestamp": 1723587161.1176214, "_runtime": 2.0571813583374023, "_step": 9, "_wandb": {"runtime": 0}}