{"discounted_reward": 270.63430450621934, "cumulative_reward": 459, "episode_reward": 45, "_timestamp": 1723657817.1045032, "_runtime": 98.73580527305603, "_step": 10, "normalized_rewards": -0.06823529411764706, "_wandb": {"runtime": 95}}