{"discounted_returns": 4.796445335104261, "_timestamp": 1723731185.3180022, "_runtime": 452.6902792453766, "_step": 873, "total_loss": 16.72715907011632, "_wandb": {"runtime": 451}}