{"discounted_reward": 440.49765282134035, "cumulative_reward": 791, "episode_reward": 99, "_timestamp": 1723577647.0246446, "_runtime": 197.15283250808716, "_step": 10, "normalized_rewards": 0.613588110403397, "_wandb": {"runtime": 195}}