{"discounted_returns": 0.0, "_timestamp": 1723733648.2384183, "_runtime": 17.830159425735474, "_step": 37, "total_loss": 0.2694530709539801, "_wandb": {"runtime": 17}}