{"discounted_returns": 0.6321095038983358, "_timestamp": 1723745130.60498, "_runtime": 53.60375690460205, "_step": 2671, "total_loss": 0.4165665660530155, "_wandb": {"runtime": 51}}