{"discounted_reward": 264.3583634933606, "cumulative_reward": 470, "episode_reward": 50, "_timestamp": 1723604262.015097, "_runtime": 1.4164068698883057, "_step": 9, "_wandb": {"runtime": 0}}