{"discounted_reward": 550.5777689713349, "cumulative_reward": 964, "episode_reward": 96, "_timestamp": 1723609264.6030366, "_runtime": 1.6786386966705322, "_step": 9, "_wandb": {"runtime": 0}}