{"discounted_reward": 193.31902553992268, "cumulative_reward": 349, "episode_reward": 40, "_timestamp": 1723592999.5039103, "_runtime": 209.3103153705597, "_step": 10, "normalized_rewards": -0.21428571428571427, "_wandb": {"runtime": 207}}