{"discounted_reward": 549.9286663429665, "cumulative_reward": 963, "episode_reward": 96, "_timestamp": 1723608029.4026604, "_runtime": 230.94168543815613, "_step": 10, "normalized_rewards": 0.997867803837953, "_wandb": {"runtime": 228}}