{"discounted_returns": 1.2870154834514738, "_timestamp": 1723737201.7027001, "_runtime": 774.2966120243073, "_step": 37853, "total_loss": 0.5958012585882793, "_wandb": {"runtime": 773}}