{"discounted_reward": 163.93819579365044, "cumulative_reward": 292, "episode_reward": 33, "_timestamp": 1723628233.22192, "_runtime": 80.9484441280365, "_step": 10, "normalized_rewards": -0.6345609065155807, "_wandb": {"runtime": 79}}