{"discounted_reward": 286.44946559683353, "cumulative_reward": 498, "episode_reward": 46, "_timestamp": 1723668920.541749, "_runtime": 2.2201480865478516, "_step": 9, "_wandb": {"runtime": 0}}