{"discounted_returns": 1.0945080318383933, "_timestamp": 1723744140.2547944, "_runtime": 134.4242823123932, "_step": 6749, "total_loss": 0.47357399624304336, "_wandb": {"runtime": 133}}