{"discounted_reward": 0.0, "cumulative_reward": 0, "episode_reward": 0, "_timestamp": 1723692268.6244388, "_runtime": 49.22535276412964, "_step": 68, "_wandb": {"runtime": 47}}