{"discounted_reward": 278.22654711136306, "cumulative_reward": 497, "episode_reward": 57, "_timestamp": 1723657061.9400055, "_runtime": 2.418625593185425, "_step": 9, "_wandb": {"runtime": 0}}