{"discounted_reward": 46.32420573615927, "cumulative_reward": 113, "episode_reward": 37, "_timestamp": 1723622570.9519072, "_runtime": 29.00946807861328, "_step": 2, "_wandb": {"runtime": 33}}