{"discounted_reward": 63.19290336912197, "cumulative_reward": 113, "episode_reward": 12, "_timestamp": 1723588933.7968857, "_runtime": 232.74999165534973, "_step": 10, "normalized_rewards": -0.6192660550458715, "_wandb": {"runtime": 231}}