{"discounted_returns": 0.10537128116295098, "_timestamp": 1723707208.579382, "_runtime": 260.15357398986816, "_step": 559, "total_loss": 0.28263042325971044, "_wandb": {"runtime": 259}}