{"discounted_reward": 57.19070507228039, "cumulative_reward": 109, "episode_reward": 9, "_timestamp": 1723629522.0540922, "_runtime": 82.86453628540039, "_step": 10, "normalized_rewards": -0.837160751565762, "_wandb": {"runtime": 80}}