{"discounted_reward": 260.20458136053264, "cumulative_reward": 415, "episode_reward": 42, "episode_discount_reward": 26.021738462012387, "_timestamp": 1723781040.9160926, "_runtime": 81.2056736946106, "_step": 9, "_wandb": {"runtime": 79}}