{"discounted_returns": 9.253386487728152, "_timestamp": 1723746741.9337323, "_runtime": 383.97667121887207, "_step": 19999, "total_loss": 0.9053678805082677, "_wandb": {"runtime": 381}}