{"discounted_reward": 0.0, "cumulative_reward": 0, "episode_reward": 0, "_timestamp": 1723692462.5697668, "_runtime": 7.718533754348755, "_step": 999, "_wandb": {"runtime": 11}}