{"discounted_reward": 282.7757027071088, "cumulative_reward": 495, "episode_reward": 51, "_timestamp": 1723607765.4994361, "_runtime": 2.0167531967163086, "_step": 9, "_wandb": {"runtime": 0}}