{"discounted_reward": 163.02694223075102, "cumulative_reward": 283, "episode_reward": 35, "_timestamp": 1723577860.7562857, "_runtime": 204.43655157089233, "_step": 10, "normalized_rewards": -0.46496815286624205, "_wandb": {"runtime": 202}}