{"discounted_reward": 68.02948610213373, "cumulative_reward": 120, "episode_reward": 12, "_timestamp": 1723631000.187874, "_runtime": 79.47303104400635, "_step": 10, "normalized_rewards": -0.8412017167381974, "_wandb": {"runtime": 76}}