{"discounted_reward": 309.89347588681073, "cumulative_reward": 556, "episode_reward": 56, "_timestamp": 1723658069.427985, "_runtime": 97.2027678489685, "_step": 10, "normalized_rewards": 0.18876404494382024, "_wandb": {"runtime": 95}}