{"discounted_reward": 462.1466247165698, "cumulative_reward": 809, "episode_reward": 81, "_timestamp": 1723636523.773167, "_runtime": 78.3870198726654, "_step": 10, "normalized_rewards": 0.6295546558704453, "_wandb": {"runtime": 74}}