{"discounted_reward": 477.98919663752554, "cumulative_reward": 836, "episode_reward": 88, "_timestamp": 1723625019.1101344, "_runtime": 83.50913643836975, "_step": 10, "normalized_rewards": 0.8320413436692506, "_wandb": {"runtime": 81}}