{"discounted_reward": 567.6509243174959, "cumulative_reward": 992, "episode_reward": 97, "_timestamp": 1723652365.5627134, "_runtime": 1.2066802978515625, "_step": 9, "_wandb": {"runtime": 1}}