{"discounted_reward": 0, "cumulative_reward": 44, "episode_reward": 44, "_timestamp": 1723593628.9971614, "_runtime": 6.233729362487793, "_step": 0, "_wandb": {"runtime": 13}}