{"discounted_reward": 193.31902553992268, "cumulative_reward": 349, "episode_reward": 40, "_timestamp": 1723586426.2240622, "_runtime": 221.14522314071655, "_step": 10, "normalized_rewards": -0.27882599580712786, "_wandb": {"runtime": 219}}