{"discounted_returns": 0.0, "_timestamp": 1723733148.4794374, "_runtime": 8.769127368927002, "_step": 13, "total_loss": 0.5698032250794183, "_wandb": {"runtime": 7}}