{"discounted_reward": 293.32970143312593, "cumulative_reward": 515, "episode_reward": 53, "_timestamp": 1723578852.2099123, "_runtime": 2.3117332458496094, "_step": 9, "_wandb": {"runtime": 0}}