{"discounted_returns": 4.731196910905328, "_timestamp": 1723720705.1196914, "_runtime": 1039.918663263321, "_step": 1999, "total_loss": 0.7653680071778425, "_wandb": {"runtime": 1038}}