{"discounted_reward": 331.35297065796124, "cumulative_reward": 582, "episode_reward": 57, "_timestamp": 1723668911.6768856, "_runtime": 95.24715971946716, "_step": 10, "normalized_rewards": 0.16231884057971013, "_wandb": {"runtime": 93}}