{"discounted_reward": 22.639000115885842, "cumulative_reward": 38, "episode_reward": 4, "_timestamp": 1723637296.9941053, "_runtime": 83.3905622959137, "_step": 10, "normalized_rewards": -1.0151843817787418, "_wandb": {"runtime": 81}}