{"discounted_reward": 521.6258406057166, "cumulative_reward": 913, "episode_reward": 90, "_timestamp": 1723665098.3597376, "_runtime": 0.9909205436706543, "_step": 9, "_wandb": {"runtime": 0}}