{"discounted_reward": 567.6509243174959, "cumulative_reward": 992, "episode_reward": 97, "_timestamp": 1723655174.928125, "_runtime": 2.9388129711151123, "_step": 9, "_wandb": {"runtime": 0}}