{"discounted_reward": 284.00472375884533, "cumulative_reward": 500, "episode_reward": 56, "_timestamp": 1723586657.9979734, "_runtime": 1.7396674156188965, "_step": 9, "_wandb": {"runtime": 0}}