{"discounted_reward": 411.59095363288174, "cumulative_reward": 723, "episode_reward": 70, "_timestamp": 1723669568.4549885, "_runtime": 1.9113924503326416, "_step": 9, "_wandb": {"runtime": 0}}