{"discounted_reward": 283.8309647081997, "cumulative_reward": 501, "episode_reward": 50, "_timestamp": 1723656851.7756474, "_runtime": 2.9994382858276367, "_step": 9, "_wandb": {"runtime": 1}}