{"discounted_reward": 287.25824273128575, "cumulative_reward": 498, "episode_reward": 42, "_timestamp": 1723636317.552911, "_runtime": 2.8356540203094482, "_step": 9, "_wandb": {"runtime": 0}}