{"discounted_reward": 329.41455848927615, "cumulative_reward": 565, "episode_reward": 42, "_timestamp": 1723662836.915792, "_runtime": 86.56078791618347, "_step": 10, "normalized_rewards": 0.11614730878186968, "_wandb": {"runtime": 84}}