{"discounted_reward": 570.1322753522833, "cumulative_reward": 999, "episode_reward": 100, "_timestamp": 1723656455.7018988, "_runtime": 1.6379199028015137, "_step": 9, "_wandb": {"runtime": 0}}