{"discounted_reward": 567.6509243174959, "cumulative_reward": 992, "episode_reward": 97, "_timestamp": 1723654926.2433012, "_runtime": 1.881223201751709, "_step": 9, "_wandb": {"runtime": 0}}