{"discounted_reward": 113.12328522714992, "cumulative_reward": 202, "episode_reward": 26, "_timestamp": 1723596226.0574067, "_runtime": 237.4206166267395, "_step": 10, "normalized_rewards": -1.881720430107527, "_wandb": {"runtime": 235}}