{"discounted_reward": 295.63852968923993, "cumulative_reward": 512, "episode_reward": 50, "_timestamp": 1723630798.5825727, "_runtime": 2.2829926013946533, "_step": 9, "_wandb": {"runtime": 0}}