{"discounted_reward": 292.4788580763599, "cumulative_reward": 514, "episode_reward": 54, "_timestamp": 1723662643.6904056, "_runtime": 1.8822145462036133, "_step": 9, "_wandb": {"runtime": 5}}