{"discounted_reward": 290.8128489487491, "cumulative_reward": 513, "episode_reward": 49, "_timestamp": 1723623013.7992904, "_runtime": 2.2304115295410156, "_step": 9, "_wandb": {"runtime": 0}}