{"discounted_reward": 47.681098935976806, "cumulative_reward": 75, "episode_reward": 14, "episode_discount_reward": 9.432508139739722, "_timestamp": 1723781109.3448913, "_runtime": 61.574427366256714, "_step": 3, "_wandb": {"runtime": 71}}