{"discounted_reward": 198.60523781031017, "cumulative_reward": 353, "episode_reward": 36, "_timestamp": 1723628525.1940405, "_runtime": 77.5618314743042, "_step": 10, "normalized_rewards": -0.17439293598233996, "_wandb": {"runtime": 76}}