{"discounted_reward": 329.67681318385337, "cumulative_reward": 581, "episode_reward": 60, "_timestamp": 1723589192.2010734, "_runtime": 0.8562023639678955, "_step": 9, "_wandb": {"runtime": 0}}