{"discounted_returns": 0.9255282694124555, "_timestamp": 1723685421.1753018, "_runtime": 729.1973848342896, "_step": 385, "total_loss": 0.5141308176161623, "_wandb": {"runtime": 708}}