{"discounted_reward": 338.4521174281542, "cumulative_reward": 602, "episode_reward": 63, "_timestamp": 1723671759.9628997, "_runtime": 100.65843868255615, "_step": 10, "normalized_rewards": 0.6540084388185654, "_wandb": {"runtime": 99}}