{"discounted_reward": 567.6509243174959, "cumulative_reward": 992, "episode_reward": 97, "_timestamp": 1723652187.2655442, "_runtime": 2.075951099395752, "_step": 9, "_wandb": {"runtime": 0}}