{"discounted_reward": 453.7903295362643, "cumulative_reward": 792, "episode_reward": 73, "_timestamp": 1723595474.1399076, "_runtime": 229.3867416381836, "_step": 10, "normalized_rewards": 1.3031674208144797, "_wandb": {"runtime": 227}}