{"discounted_reward": 573.1377065941352, "cumulative_reward": 907, "episode_reward": 90, "episode_discount_reward": 57.53133220930913, "_timestamp": 1723774185.940255, "_runtime": 118.01867389678955, "_step": 9, "_wandb": {"runtime": 115}}