{"discounted_reward": 0.0, "cumulative_reward": 0, "episode_reward": 0, "_timestamp": 1723694959.8737366, "_runtime": 12.723827600479126, "_step": 999, "_wandb": {"runtime": 12}}