{"discounted_reward": 203.84561180063673, "cumulative_reward": 363, "episode_reward": 38, "_timestamp": 1723604313.594722, "_runtime": 2.142275094985962, "_step": 9, "_wandb": {"runtime": 1}}