{"train_loss": 214.99215698242188, "_timestamp": 1723768688.1514778, "_runtime": 2.3161237239837646, "_step": 0, "_wandb": {"runtime": 5}}