{"discounted_reward": 295.513958666726, "cumulative_reward": 516, "episode_reward": 54, "_timestamp": 1723580403.199398, "_runtime": 3.2418830394744873, "_step": 9, "_wandb": {"runtime": 0}}