{"train_loss": 1829.9521484375, "_timestamp": 1723653398.5891767, "_runtime": 357.5523545742035, "_step": 24, "_wandb": {"runtime": 359}}