{"discounted_reward": 0.0, "cumulative_reward": 0, "episode_reward": 0, "_timestamp": 1723694876.8318465, "_runtime": 8.63675856590271, "_step": 999, "_wandb": {"runtime": 11}}