{"train_loss": 1558.1019287109375, "_timestamp": 1723724987.1829393, "_runtime": 3.2005302906036377, "_step": 0, "_wandb": {"runtime": 22}}