{"discounted_returns": 0.0, "_timestamp": 1723673173.7840722, "_runtime": 59.245532274246216, "_step": 19, "total_loss": 4.449485617130994, "_wandb": {"runtime": 59}}