{"discounted_returns": 0.0, "_timestamp": 1723730714.159276, "_runtime": 54.39828109741211, "_step": 97, "total_loss": 1377.1866612861345, "_wandb": {"runtime": 54}}