{"discounted_reward": 0.0, "cumulative_reward": 0.0, "episode_reward": 0.0, "_timestamp": 1723690275.061486, "_runtime": 1.6180229187011719, "_step": 999, "_wandb": {"runtime": 1}}