{"discounted_reward": 501.8228209291891, "cumulative_reward": 878, "episode_reward": 85, "_timestamp": 1723626227.0611637, "_runtime": 1.3527207374572754, "_step": 9, "_wandb": {"runtime": 0}}