{"discounted_reward": 268.43588248872254, "cumulative_reward": 475, "episode_reward": 49, "_timestamp": 1723662569.6505735, "_runtime": 2.801252603530884, "_step": 9, "_wandb": {"runtime": 0}}