{"discounted_reward": 9.996357939200406, "cumulative_reward": 17, "episode_reward": 1, "_timestamp": 1723626102.7681725, "_runtime": 81.08540654182434, "_step": 10, "normalized_rewards": -0.9647302904564315, "_wandb": {"runtime": 79}}