{"discounted_reward": 258.65460625720016, "cumulative_reward": 459, "episode_reward": 47, "_timestamp": 1723654536.8056746, "_runtime": 1.5849206447601318, "_step": 9, "_wandb": {"runtime": 0}}