{"discounted_reward": 271.37755995420133, "cumulative_reward": 482, "episode_reward": 50, "_timestamp": 1723604522.3098102, "_runtime": 1.4102442264556885, "_step": 9, "_wandb": {"runtime": 0}}