{"discounted_reward": 303.1115161189954, "cumulative_reward": 526, "episode_reward": 53, "_timestamp": 1723656431.558625, "_runtime": 3.3325119018554688, "_step": 9, "_wandb": {"runtime": 0}}