{"discounted_reward": 11.098030301487462, "cumulative_reward": 17, "episode_reward": 0, "episode_discount_reward": 0.0, "_timestamp": 1723775822.7990932, "_runtime": 125.89985013008118, "_step": 9, "_wandb": {"runtime": 124}}