{"discounted_reward": 281.0179338084581, "cumulative_reward": 486, "episode_reward": 44, "_timestamp": 1723636533.4470112, "_runtime": 2.144540309906006, "_step": 9, "_wandb": {"runtime": 0}}