{"discounted_reward": 3.883875591767394, "cumulative_reward": 6, "episode_reward": 0, "_timestamp": 1723638163.424655, "_runtime": 82.89717292785645, "_step": 10, "normalized_rewards": -1.0, "_wandb": {"runtime": 81}}