{"discounted_reward": 289.8775178515882, "cumulative_reward": 507, "episode_reward": 51, "_timestamp": 1723615440.180583, "_runtime": 1.4008350372314453, "_step": 9, "_wandb": {"runtime": 0}}