{"discounted_reward": 556.7260037327501, "cumulative_reward": 975, "episode_reward": 99, "_timestamp": 1723576941.2686734, "_runtime": 1.822061538696289, "_step": 9, "_wandb": {"runtime": 0}}