{"train_loss": 6528.07861328125, "_timestamp": 1723576829.018062, "_runtime": 1411.0085911750793, "_step": 39, "_wandb": {"runtime": 1445}}