{"discounted_reward": 504.59911388356454, "cumulative_reward": 877, "episode_reward": 83, "_timestamp": 1723662743.0494018, "_runtime": 1.7923078536987305, "_step": 9, "_wandb": {"runtime": 0}}