{"discounted_reward": 545.1729905043321, "cumulative_reward": 956, "episode_reward": 96, "_timestamp": 1723630284.409585, "_runtime": 83.65256595611572, "_step": 10, "normalized_rewards": 0.9258517034068137, "_wandb": {"runtime": 78}}