{"discounted_reward": 294.3632511911803, "cumulative_reward": 506, "episode_reward": 48, "_timestamp": 1723576925.5391226, "_runtime": 1.4465916156768799, "_step": 9, "_wandb": {"runtime": 0}}