{"discounted_reward": 277.57246002347716, "cumulative_reward": 491, "episode_reward": 52, "_timestamp": 1723671397.8443358, "_runtime": 2.0482287406921387, "_step": 9, "_wandb": {"runtime": 0}}