{"discounted_reward": 151.13301866292286, "cumulative_reward": 270, "episode_reward": 28, "_timestamp": 1723600819.9910214, "_runtime": 1.34836745262146, "_step": 9, "_wandb": {"runtime": 0}}