{"discounted_reward": 560.3391368277819, "cumulative_reward": 982, "episode_reward": 99, "_timestamp": 1723630404.08847, "_runtime": 1.5825049877166748, "_step": 9, "_wandb": {"runtime": 0}}