{"discounted_returns": 2.4847803027264552, "_timestamp": 1723731226.0256739, "_runtime": 9.731324911117554, "_step": 11, "total_loss": 15.708370740447572, "_wandb": {"runtime": 9}}