{"discounted_returns": 3.5559182224256327, "_timestamp": 1723729493.2683218, "_runtime": 316.6281147003174, "_step": 37, "total_loss": 13.442196043630767, "_wandb": {"runtime": 316}}