{"discounted_returns": 0.2979290164815139, "_timestamp": 1723684324.8627307, "_runtime": 11.981490850448608, "_step": 3, "total_loss": 1.5894754365790869, "_wandb": {"runtime": 13}}