{"discounted_returns": 0.0, "_timestamp": 1723709773.6857162, "_runtime": 6.489354133605957, "_step": 5, "total_loss": 11.809691120067146, "_wandb": {"runtime": 6}}