{"discounted_returns": 1.0349603232036433, "_timestamp": 1723675435.1926694, "_runtime": 33.02882242202759, "_step": 15, "total_loss": 0.8675832266377301, "_wandb": {"runtime": 31}}