{"discounted_returns": 6.432677021459651, "_timestamp": 1723675701.9398339, "_runtime": 156.100439786911, "_step": 83, "total_loss": 0.7421280440224031, "_wandb": {"runtime": 158}}