{"discounted_reward": 0.0, "cumulative_reward": 0, "episode_reward": 0, "_timestamp": 1723691875.5528305, "_runtime": 1.5339045524597168, "_step": 999, "_wandb": {"runtime": 1}}