{"discounted_reward": 0.0, "cumulative_reward": 0.0, "episode_reward": 0.0, "_timestamp": 1723691024.3732042, "_runtime": 1.5360522270202637, "_step": 999, "_wandb": {"runtime": 1}}