{"discounted_reward": 286.5295041319753, "cumulative_reward": 501, "episode_reward": 49, "_timestamp": 1723656003.2791479, "_runtime": 3.6581239700317383, "_step": 9, "_wandb": {"runtime": 0}}