{"discounted_returns": 0.11126899236672953, "_timestamp": 1723703901.374686, "_runtime": 135.73301696777344, "_step": 305, "total_loss": 0.2185222392655191, "_wandb": {"runtime": 134}}