{"discounted_returns": 2.576328790006919, "_timestamp": 1723678185.9008627, "_runtime": 63.72219777107239, "_step": 31, "total_loss": 0.7290226508082782, "_wandb": {"runtime": 63}}