{"discounted_reward": 490.5964166541646, "cumulative_reward": 869, "episode_reward": 92, "_timestamp": 1723658347.8787317, "_runtime": 2.9139456748962402, "_step": 9, "_wandb": {"runtime": 0}}