{"discounted_reward": 294.74340972228475, "cumulative_reward": 507, "episode_reward": 48, "_timestamp": 1723653786.1183074, "_runtime": 1.4137904644012451, "_step": 9, "_wandb": {"runtime": 0}}