{"discounted_reward": 0.0, "cumulative_reward": 0.0, "episode_reward": 0.0, "_timestamp": 1723691605.2757933, "_runtime": 5.28480339050293, "_step": 999, "_wandb": {"runtime": 8}}