{"discounted_reward": 273.3912056729042, "cumulative_reward": 478, "episode_reward": 45, "_timestamp": 1723629099.4528432, "_runtime": 1.1599321365356445, "_step": 9, "_wandb": {"runtime": 0}}