{"train_loss": 2809.201904296875, "_timestamp": 1723663282.1714718, "_runtime": 33.02415585517883, "_step": 2, "_wandb": {"runtime": 33}}