{"discounted_reward": 501.8228209291891, "cumulative_reward": 878, "episode_reward": 85, "_timestamp": 1723625675.4491389, "_runtime": 81.30123782157898, "_step": 10, "normalized_rewards": 1.0, "_wandb": {"runtime": 79}}