{"discounted_reward": 275.7985521627288, "cumulative_reward": 487, "episode_reward": 53, "_timestamp": 1723622201.245215, "_runtime": 1.3313679695129395, "_step": 9, "_wandb": {"runtime": 0}}