{"discounted_reward": 0, "cumulative_reward": 95, "episode_reward": 95, "_timestamp": 1723655064.2983828, "_runtime": 6.7370827198028564, "_step": 0, "_wandb": {"runtime": 48}}