{"discounted_reward": 216.34852059007156, "cumulative_reward": 375, "episode_reward": 38, "_timestamp": 1723609732.6591694, "_runtime": 2.4711673259735107, "_step": 9, "_wandb": {"runtime": 0}}