{"discounted_reward": 0.0, "cumulative_reward": 0.0, "episode_reward": 0.0, "_timestamp": 1723690051.9482238, "_runtime": 1.5392727851867676, "_step": 999, "_wandb": {"runtime": 1}}