{"discounted_reward": 54.26588657327144, "cumulative_reward": 90, "episode_reward": 2, "_timestamp": 1723654647.3822663, "_runtime": 32.67011332511902, "_step": 3, "_wandb": {"runtime": 30}}