{"discounted_reward": 550.0745883377159, "cumulative_reward": 964, "episode_reward": 96, "_timestamp": 1723582162.9642577, "_runtime": 1.3275468349456787, "_step": 9, "_wandb": {"runtime": 0}}