{"discounted_returns": 4.55642248949179, "_timestamp": 1723745556.8009553, "_runtime": 385.6000783443451, "_step": 19999, "total_loss": 0.7162593373772185, "_wandb": {"runtime": 385}}