{"discounted_reward": 537.7313590562013, "cumulative_reward": 944, "episode_reward": 95, "_timestamp": 1723625888.9237146, "_runtime": 80.2390615940094, "_step": 10, "normalized_rewards": 1.0, "_wandb": {"runtime": 78}}