{"discounted_reward": 544.0462816653559, "cumulative_reward": 955, "episode_reward": 97, "_timestamp": 1723631124.9883592, "_runtime": 77.60323309898376, "_step": 10, "normalized_rewards": 0.9197651663405088, "_wandb": {"runtime": 75}}