{"discounted_reward": 289.87526180667555, "cumulative_reward": 512, "episode_reward": 51, "_timestamp": 1723580898.7082546, "_runtime": 2.3058366775512695, "_step": 9, "_wandb": {"runtime": 0}}