{"discounted_returns": 9.427167493041399, "_timestamp": 1723685957.452855, "_runtime": 499.0883300304413, "_step": 499, "total_loss": 0.8293649984235026, "_wandb": {"runtime": 498}}