{"discounted_reward": 397.4209696654578, "cumulative_reward": 721, "episode_reward": 90, "_timestamp": 1723670479.2008708, "_runtime": 2.2165307998657227, "_step": 9, "_wandb": {"runtime": 0}}