{"discounted_reward": 0.0, "cumulative_reward": 0.0, "episode_reward": 0.0, "_timestamp": 1723690760.0782084, "_runtime": 1.767343521118164, "_step": 999, "_wandb": {"runtime": 1}}