{"discounted_returns": 8.476386555446275, "_timestamp": 1723734039.8102853, "_runtime": 204.70572924613953, "_step": 10209, "total_loss": 0.8868940241783386, "_wandb": {"runtime": 203}}