{"discounted_reward": 40.16144288443987, "cumulative_reward": 71, "episode_reward": 8, "_timestamp": 1723587411.4205577, "_runtime": 227.07994771003723, "_step": 10, "normalized_rewards": 7.193548387096774, "_wandb": {"runtime": 225}}