{"discounted_reward": 40.26679968470571, "cumulative_reward": 71, "episode_reward": 3, "_timestamp": 1723608743.5369825, "_runtime": 218.7742564678192, "_step": 10, "normalized_rewards": -0.7697368421052632, "_wandb": {"runtime": 217}}