{"train_loss": 1569.30126953125, "_timestamp": 1723725040.4440856, "_runtime": 2.8137714862823486, "_step": 0, "_wandb": {"runtime": 4}}