{"discounted_reward": 566.2055796229673, "cumulative_reward": 994, "episode_reward": 100, "_timestamp": 1723580914.9853475, "_runtime": 1.267899513244629, "_step": 9, "_wandb": {"runtime": 0}}