{"discounted_reward": 9.996357939200406, "cumulative_reward": 17, "episode_reward": 1, "_timestamp": 1723626735.651717, "_runtime": 78.90595984458923, "_step": 10, "normalized_rewards": -0.894, "_wandb": {"runtime": 77}}