{"train_loss": 1124.3394775390625, "_timestamp": 1723764993.0246782, "_runtime": 3.0802133083343506, "_step": 0, "_wandb": {"runtime": 5}}