{"discounted_reward": 286.3253906716174, "cumulative_reward": 502, "episode_reward": 52, "_timestamp": 1723577426.0908644, "_runtime": 3.0540103912353516, "_step": 9, "_wandb": {"runtime": 0}}