{"discounted_returns": 2.084316177328367, "_timestamp": 1723735376.036871, "_runtime": 577.4373390674591, "_step": 29931, "total_loss": 0.5093741035138056, "_wandb": {"runtime": 576}}