{"discounted_reward": 0.0, "cumulative_reward": 0, "episode_reward": 0, "_timestamp": 1723637733.087244, "_runtime": 83.15154314041138, "_step": 10, "normalized_rewards": -0.9782178217821782, "_wandb": {"runtime": 81}}