{"discounted_returns": 0.11673863575286225, "_timestamp": 1723703734.6497753, "_runtime": 238.5309352874756, "_step": 39, "total_loss": 0.9330678579040698, "_wandb": {"runtime": 236}}