{"discounted_reward": 248.28246230561686, "cumulative_reward": 428, "episode_reward": 37, "_timestamp": 1723621395.8509622, "_runtime": 2.389285087585449, "_step": 9, "_wandb": {"runtime": 0}}