{"discounted_reward": 440.49765282134035, "cumulative_reward": 791, "episode_reward": 99, "_timestamp": 1723577153.4480748, "_runtime": 205.13685178756714, "_step": 10, "normalized_rewards": 0.6076759061833689, "_wandb": {"runtime": 203}}