{"discounted_reward": 88.59116337815048, "cumulative_reward": 148, "episode_reward": 9, "_timestamp": 1723608517.1019847, "_runtime": 218.59521174430847, "_step": 10, "normalized_rewards": -0.6008771929824561, "_wandb": {"runtime": 216}}