{"discounted_reward": 64.22953015938178, "cumulative_reward": 106, "episode_reward": 11, "_timestamp": 1723631209.5262663, "_runtime": 77.76638627052307, "_step": 10, "normalized_rewards": -0.7416829745596869, "_wandb": {"runtime": 75}}