{"discounted_reward": 521.6258406057166, "cumulative_reward": 913, "episode_reward": 90, "_timestamp": 1723662632.9917173, "_runtime": 3.8679263591766357, "_step": 9, "_wandb": {"runtime": 2}}