{"discounted_reward": 281.18628220577966, "cumulative_reward": 490, "episode_reward": 46, "_timestamp": 1723659219.6889677, "_runtime": 2.0298027992248535, "_step": 9, "_wandb": {"runtime": 0}}