{"discounted_reward": 115.63766653738531, "cumulative_reward": 211, "episode_reward": 25, "_timestamp": 1723594967.2094638, "_runtime": 237.72582983970642, "_step": 10, "normalized_rewards": 1.188087774294671, "_wandb": {"runtime": 235}}