{"discounted_reward": 545.3763992917026, "cumulative_reward": 955, "episode_reward": 95, "_timestamp": 1723579100.410943, "_runtime": 226.44805598258972, "_step": 10, "normalized_rewards": 0.9887640449438202, "_wandb": {"runtime": 224}}