{"discounted_returns": 0.09116074282328829, "_timestamp": 1723708725.4392617, "_runtime": 12.64413571357727, "_step": 19, "total_loss": 2.0323207110367365, "_wandb": {"runtime": 12}}