{"discounted_reward": 0.0, "cumulative_reward": 0.0, "episode_reward": 0.0, "_timestamp": 1723690634.925663, "_runtime": 2.0344910621643066, "_step": 999, "_wandb": {"runtime": 1}}