{"discounted_reward": 54.26588657327144, "cumulative_reward": 90, "episode_reward": 2, "_timestamp": 1723654490.4415512, "_runtime": 30.968976259231567, "_step": 3, "_wandb": {"runtime": 31}}