{"discounted_reward": 288.6343158580663, "cumulative_reward": 501, "episode_reward": 45, "_timestamp": 1723638046.624775, "_runtime": 2.369205951690674, "_step": 9, "_wandb": {"runtime": 0}}