{"discounted_returns": 5.033914184131436, "_timestamp": 1723713372.0216963, "_runtime": 1029.5688092708588, "_step": 1999, "total_loss": 0.7732924181185508, "_wandb": {"runtime": 1028}}