{"discounted_reward": 291.0150836297537, "cumulative_reward": 517, "episode_reward": 51, "_timestamp": 1723662491.1123478, "_runtime": 3.418590784072876, "_step": 9, "_wandb": {"runtime": 2}}