{"discounted_reward": 534.5190160672555, "cumulative_reward": 934, "episode_reward": 91, "_timestamp": 1723597475.2633438, "_runtime": 1.4120078086853027, "_step": 9, "_wandb": {"runtime": 0}}