{"discounted_reward": 392.5086654821302, "cumulative_reward": 696, "episode_reward": 76, "_timestamp": 1723626614.2627776, "_runtime": 80.90889763832092, "_step": 10, "normalized_rewards": 0.30976430976430974, "_wandb": {"runtime": 78}}