{"discounted_reward": 275.4431155360811, "cumulative_reward": 492, "episode_reward": 55, "_timestamp": 1723654723.1198828, "_runtime": 2.294005870819092, "_step": 9, "_wandb": {"runtime": 0}}