{"discounted_reward": 567.6509243174959, "cumulative_reward": 992, "episode_reward": 97, "_timestamp": 1723652701.178295, "_runtime": 2.0139098167419434, "_step": 9, "_wandb": {"runtime": 1}}