{"discounted_reward": 298.621054236058, "cumulative_reward": 518, "episode_reward": 44, "_timestamp": 1723605157.9181209, "_runtime": 2.023014783859253, "_step": 9, "_wandb": {"runtime": 1}}