{"discounted_returns": 0.09186328633242755, "_timestamp": 1723709659.3700786, "_runtime": 12.645552635192871, "_step": 17, "total_loss": 1.5584594048975204, "_wandb": {"runtime": 12}}