{"discounted_reward": 300.72548376896566, "cumulative_reward": 525, "episode_reward": 56, "_timestamp": 1723586927.3983786, "_runtime": 248.1820206642151, "_step": 10, "normalized_rewards": 1.0416666666666667, "_wandb": {"runtime": 246}}