{"discounted_reward": 299.1656928093898, "cumulative_reward": 523, "episode_reward": 53, "_timestamp": 1723669163.9497552, "_runtime": 1.7041702270507812, "_step": 9, "_wandb": {"runtime": 0}}