{"discounted_reward": 266.9562335281263, "cumulative_reward": 469, "episode_reward": 47, "_timestamp": 1723600674.7979712, "_runtime": 1.421173334121704, "_step": 9, "_wandb": {"runtime": 0}}