{"discounted_reward": 88.59116337815048, "cumulative_reward": 148, "episode_reward": 9, "_timestamp": 1723606999.3038237, "_runtime": 229.53011679649353, "_step": 10, "normalized_rewards": -0.5698924731182796, "_wandb": {"runtime": 227}}