{"discounted_reward": 301.26376888586555, "cumulative_reward": 522, "episode_reward": 51, "_timestamp": 1723636748.6855428, "_runtime": 3.4674558639526367, "_step": 9, "_wandb": {"runtime": 0}}