{"discounted_reward": 443.6504656846892, "cumulative_reward": 702, "episode_reward": 66, "episode_discount_reward": 42.28813354062303, "_timestamp": 1723779628.1689184, "_runtime": 84.8474223613739, "_step": 9, "_wandb": {"runtime": 83}}