{"discounted_reward": 510.02455601199733, "cumulative_reward": 901, "episode_reward": 94, "_timestamp": 1723626438.3980768, "_runtime": 1.4336788654327393, "_step": 9, "_wandb": {"runtime": 0}}