{"discounted_reward": 265.5146578651543, "cumulative_reward": 479, "episode_reward": 56, "_timestamp": 1723655796.9884317, "_runtime": 2.7382707595825195, "_step": 9, "_wandb": {"runtime": 0}}