{"discounted_reward": 164.75238474766513, "cumulative_reward": 294, "episode_reward": 48, "_timestamp": 1723657964.3436646, "_runtime": 102.71284556388855, "_step": 10, "normalized_rewards": -0.4, "_wandb": {"runtime": 99}}