{"discounted_returns": 5.325467356165284, "_timestamp": 1723711531.963584, "_runtime": 298.9701108932495, "_step": 935, "total_loss": 0.7703828292921764, "_wandb": {"runtime": 297}}