{"discounted_reward": 270.93052394901304, "cumulative_reward": 480, "episode_reward": 49, "_timestamp": 1723604429.4179785, "_runtime": 1.4781875610351562, "_step": 9, "_wandb": {"runtime": 0}}