{"train_loss": 1557.3858642578125, "_timestamp": 1723766856.2582896, "_runtime": 2.841606616973877, "_step": 0, "_wandb": {"runtime": 16}}