{"discounted_reward": 290.67656510184474, "cumulative_reward": 503, "episode_reward": 45, "_timestamp": 1723662606.5686092, "_runtime": 3.057492256164551, "_step": 9, "_wandb": {"runtime": 0}}