{"discounted_returns": 0.11915295814422558, "_timestamp": 1723703136.4674892, "_runtime": 141.71990132331848, "_step": 67, "total_loss": 0.6595219520018487, "_wandb": {"runtime": 141}}