{"discounted_reward": 414.3625489878764, "cumulative_reward": 734, "episode_reward": 78, "_timestamp": 1723587673.6024284, "_runtime": 1.2264063358306885, "_step": 9, "_wandb": {"runtime": 0}}