{"train_loss": 7932.3525390625, "_timestamp": 1723615359.6544447, "_runtime": 1395.2678887844086, "_step": 39, "_wandb": {"runtime": 1429}}