{"discounted_reward": 272.4571097223518, "cumulative_reward": 485, "episode_reward": 51, "_timestamp": 1723631013.4761088, "_runtime": 6.231770753860474, "_step": 9, "_wandb": {"runtime": 0}}