{"discounted_reward": 557.6521851352926, "cumulative_reward": 978, "episode_reward": 99, "_timestamp": 1723630824.4207444, "_runtime": 3.3539555072784424, "_step": 9, "_wandb": {"runtime": 0}}