{"discounted_reward": 0.0, "cumulative_reward": 0, "episode_reward": 0, "_timestamp": 1723692149.0031862, "_runtime": 22.359991312026978, "_step": 31, "_wandb": {"runtime": 20}}