{"discounted_reward": 90.22252390409614, "cumulative_reward": 171, "episode_reward": 25, "_timestamp": 1723609723.1119688, "_runtime": 226.1992106437683, "_step": 10, "normalized_rewards": -0.6659663865546218, "_wandb": {"runtime": 224}}