{"discounted_reward": 31.77810931000929, "cumulative_reward": 58, "episode_reward": 7, "_timestamp": 1723598126.6618555, "_runtime": 120.49432253837585, "_step": 4, "_wandb": {"runtime": 135}}