{"discounted_reward": 303.6932088008819, "cumulative_reward": 527, "episode_reward": 53, "_timestamp": 1723613575.1898913, "_runtime": 2.051189422607422, "_step": 9, "_wandb": {"runtime": 0}}