{"discounted_reward": 289.0039156061839, "cumulative_reward": 511, "episode_reward": 58, "_timestamp": 1723670586.3713973, "_runtime": 100.06661820411682, "_step": 10, "normalized_rewards": 0.009433962264150943, "_wandb": {"runtime": 98}}