{"discounted_reward": 302.1001470034611, "cumulative_reward": 468, "episode_reward": 45, "episode_discount_reward": 28.697409958138515, "_timestamp": 1723775689.9119854, "_runtime": 74.6078565120697, "_step": 9, "_wandb": {"runtime": 73}}