{"discounted_returns": 10.317340794497843, "_timestamp": 1723684138.522075, "_runtime": 940.5088248252869, "_step": 499, "total_loss": 0.9230953268200499, "_wandb": {"runtime": 939}}