{"discounted_reward": 544.0462816653559, "cumulative_reward": 955, "episode_reward": 97, "_timestamp": 1723630069.7303944, "_runtime": 79.61658644676208, "_step": 10, "normalized_rewards": 0.9156378600823045, "_wandb": {"runtime": 77}}