{"discounted_reward": 272.7085866825174, "cumulative_reward": 481, "episode_reward": 51, "_timestamp": 1723670023.0023355, "_runtime": 2.013695478439331, "_step": 9, "_wandb": {"runtime": 0}}