{"discounted_reward": 212.20432752144762, "cumulative_reward": 237, "episode_reward": 4, "episode_discount_reward": 3.5394062005867477, "_timestamp": 1723727152.640173, "_runtime": 253.66167402267456, "_step": 332, "_wandb": {"runtime": 253}}