{"discounted_reward": 568.5142543755552, "cumulative_reward": 994, "episode_reward": 98, "_timestamp": 1723655606.1703537, "_runtime": 1.8811025619506836, "_step": 9, "_wandb": {"runtime": 0}}