{"discounted_reward": 287.55307873481047, "cumulative_reward": 498, "episode_reward": 48, "_timestamp": 1723605202.2562854, "_runtime": 1.407022476196289, "_step": 9, "_wandb": {"runtime": 0}}