{"discounted_reward": 496.1250224476603, "cumulative_reward": 861, "episode_reward": 78, "_timestamp": 1723607509.0668867, "_runtime": 222.8790786266327, "_step": 10, "normalized_rewards": 0.7242524916943521, "_wandb": {"runtime": 221}}