{"discounted_reward": 267.0859293662988, "cumulative_reward": 473, "episode_reward": 50, "_timestamp": 1723658573.4052346, "_runtime": 3.3350775241851807, "_step": 9, "_wandb": {"runtime": 0}}