{"discounted_reward": 545.1729905043321, "cumulative_reward": 956, "episode_reward": 96, "_timestamp": 1723629648.6272597, "_runtime": 82.1540937423706, "_step": 10, "normalized_rewards": 0.924643584521385, "_wandb": {"runtime": 80}}