{"discounted_reward": 0.0, "cumulative_reward": 0.0, "episode_reward": 0.0, "_timestamp": 1723691804.9719489, "_runtime": 4.679640769958496, "_step": 999, "_wandb": {"runtime": 3}}