{"discounted_reward": 499.81106977548177, "cumulative_reward": 882, "episode_reward": 97, "_timestamp": 1723622879.038362, "_runtime": 80.57110905647278, "_step": 10, "normalized_rewards": 0.806941431670282, "_wandb": {"runtime": 78}}