{"discounted_reward": 268.33939836082345, "cumulative_reward": 472, "episode_reward": 45, "_timestamp": 1723670461.322342, "_runtime": 97.77773690223694, "_step": 10, "normalized_rewards": -0.028469750889679714, "_wandb": {"runtime": 96}}