{"discounted_reward": 0.0, "cumulative_reward": 0.0, "episode_reward": 0.0, "_timestamp": 1723691446.986331, "_runtime": 1.6303119659423828, "_step": 999, "_wandb": {"runtime": 1}}