{"discounted_returns": 5.879901450351687, "_timestamp": 1723746345.7679305, "_runtime": 387.2818715572357, "_step": 19999, "total_loss": 0.9920377855113794, "_wandb": {"runtime": 386}}