{"discounted_reward": 6.038649982474476, "cumulative_reward": 10, "episode_reward": 1, "_timestamp": 1723637515.807745, "_runtime": 84.4011058807373, "_step": 10, "normalized_rewards": -1.0847457627118644, "_wandb": {"runtime": 80}}