{"discounted_returns": 0.8125533577337483, "_timestamp": 1723674193.693675, "_runtime": 559.0646300315857, "_step": 299, "total_loss": 0.7815856829112351, "_wandb": {"runtime": 558}}