{"discounted_reward": 292.7195288936871, "cumulative_reward": 514, "episode_reward": 53, "_timestamp": 1723624901.677055, "_runtime": 1.5110089778900146, "_step": 9, "_wandb": {"runtime": 0}}