{"discounted_reward": 288.50154485467465, "cumulative_reward": 503, "episode_reward": 52, "_timestamp": 1723612589.5282757, "_runtime": 1.2774097919464111, "_step": 9, "_wandb": {"runtime": 0}}