{"discounted_reward": 111.74577672550998, "cumulative_reward": 179, "episode_reward": 91, "episode_discount_reward": 57.140031194760304, "_timestamp": 1723774900.00797, "_runtime": 14.112462997436523, "_step": 1, "_wandb": {"runtime": 13}}