{"discounted_returns": 0.011068501018166584, "_timestamp": 1723731521.7366738, "_runtime": 57.622230768203735, "_step": 93, "total_loss": 72.58505665393908, "_wandb": {"runtime": 56}}