{"discounted_reward": 316.4161871344958, "cumulative_reward": 560, "episode_reward": 60, "_timestamp": 1723593605.8906152, "_runtime": 0.9045681953430176, "_step": 9, "_wandb": {"runtime": 0}}