{"discounted_reward": 281.7123299330076, "cumulative_reward": 488, "episode_reward": 51, "_timestamp": 1723652615.7849712, "_runtime": 1.4780642986297607, "_step": 9, "_wandb": {"runtime": 0}}