{"discounted_reward": 553.0499227291676, "cumulative_reward": 968, "episode_reward": 98, "_timestamp": 1723580153.542862, "_runtime": 226.4807939529419, "_step": 10, "normalized_rewards": 1.0129870129870129, "_wandb": {"runtime": 224}}