{"discounted_reward": 279.48311958644416, "cumulative_reward": 491, "episode_reward": 48, "_timestamp": 1723671045.4781382, "_runtime": 101.7483983039856, "_step": 10, "normalized_rewards": 0.06770833333333333, "_wandb": {"runtime": 99}}