{"discounted_reward": 0.0, "cumulative_reward": 0.0, "episode_reward": 0.0, "_timestamp": 1723691586.3574066, "_runtime": 5.004053592681885, "_step": 999, "_wandb": {"runtime": 3}}