{"discounted_reward": 513.5093248719544, "cumulative_reward": 901, "episode_reward": 90, "_timestamp": 1723624926.3535695, "_runtime": 0.9066524505615234, "_step": 9, "_wandb": {"runtime": 0}}