{"discounted_reward": 500.7491203206738, "cumulative_reward": 871, "episode_reward": 82, "_timestamp": 1723664970.9110777, "_runtime": 1.1101326942443848, "_step": 9, "_wandb": {"runtime": 0}}