{"discounted_reward": 273.5923353543344, "cumulative_reward": 473, "episode_reward": 45, "_timestamp": 1723671151.8944442, "_runtime": 100.37689113616943, "_step": 10, "normalized_rewards": -0.026041666666666668, "_wandb": {"runtime": 98}}