{"discounted_reward": 312.1363735090727, "cumulative_reward": 559, "episode_reward": 58, "_timestamp": 1723657559.1069362, "_runtime": 88.54380226135254, "_step": 10, "normalized_rewards": 0.05917159763313609, "_wandb": {"runtime": 85}}