{"discounted_reward": 354.7999776549458, "cumulative_reward": 614, "episode_reward": 56, "_timestamp": 1723628017.9418373, "_runtime": 80.68308234214783, "_step": 10, "normalized_rewards": 0.23918575063613232, "_wandb": {"runtime": 78}}