{"discounted_reward": 567.5542337258328, "cumulative_reward": 993, "episode_reward": 98, "_timestamp": 1723630193.3042235, "_runtime": 1.7240815162658691, "_step": 9, "_wandb": {"runtime": 0}}