{"discounted_reward": 567.8173697211173, "cumulative_reward": 996, "episode_reward": 100, "_timestamp": 1723631038.5780435, "_runtime": 1.6680784225463867, "_step": 9, "_wandb": {"runtime": 0}}