{"train_loss": 7529.90234375, "_timestamp": 1723616097.8355963, "_runtime": 72.57870435714722, "_step": 2, "_wandb": {"runtime": 94}}