{"discounted_reward": 319.03381868739586, "cumulative_reward": 554, "episode_reward": 52, "_timestamp": 1723625550.4668548, "_runtime": 83.44448184967041, "_step": 10, "normalized_rewards": 0.12652068126520682, "_wandb": {"runtime": 83}}