{"discounted_returns": 1.7149447082544929, "_timestamp": 1723729759.8259797, "_runtime": 80.17325568199158, "_step": 145, "total_loss": 5.916874837532118, "_wandb": {"runtime": 79}}