{"discounted_reward": 60.87275045461643, "cumulative_reward": 98, "episode_reward": 0, "_timestamp": 1723652456.7598605, "_runtime": 79.8264594078064, "_step": 10, "normalized_rewards": -0.7738095238095238, "_wandb": {"runtime": 77}}