{"discounted_reward": 279.552112997166, "cumulative_reward": 488, "episode_reward": 45, "_timestamp": 1723604547.8910613, "_runtime": 1.4838972091674805, "_step": 9, "_wandb": {"runtime": 0}}