{"discounted_returns": 5.665755632472553, "_timestamp": 1723718609.6443675, "_runtime": 1033.5659823417664, "_step": 1999, "total_loss": 0.7656299752525744, "_wandb": {"runtime": 1031}}