{"discounted_reward": 460.94917368898507, "cumulative_reward": 813, "episode_reward": 83, "_timestamp": 1723593426.217493, "_runtime": 207.7670600414276, "_step": 10, "normalized_rewards": 0.7063492063492064, "_wandb": {"runtime": 206}}