{"train_loss": 4614.974609375, "_timestamp": 1723622677.433943, "_runtime": 4.621762990951538, "_step": 0, "_wandb": {"runtime": 3}}