{"discounted_reward": 258.18392718782576, "cumulative_reward": 455, "episode_reward": 45, "_timestamp": 1723587177.3398223, "_runtime": 2.3634283542633057, "_step": 9, "_wandb": {"runtime": 0}}