{"discounted_reward": 320.0432057836398, "cumulative_reward": 555, "episode_reward": 54, "_timestamp": 1723659105.065901, "_runtime": 98.29756093025208, "_step": 10, "normalized_rewards": 0.10555555555555556, "_wandb": {"runtime": 96}}