{"discounted_reward": 66.27557062941327, "cumulative_reward": 108, "episode_reward": 10, "_timestamp": 1723629737.7660744, "_runtime": 80.96771430969238, "_step": 10, "normalized_rewards": -0.8024439918533605, "_wandb": {"runtime": 79}}