{"discounted_reward": 59.277935901551544, "cumulative_reward": 103, "episode_reward": 14, "_timestamp": 1723626943.8943384, "_runtime": 79.38420748710632, "_step": 10, "normalized_rewards": -0.8734939759036144, "_wandb": {"runtime": 77}}