{"discounted_reward": 289.21286590222286, "cumulative_reward": 510, "episode_reward": 53, "_timestamp": 1723622764.443273, "_runtime": 1.4133310317993164, "_step": 9, "_wandb": {"runtime": 0}}