{"discounted_reward": 560.7536541798142, "cumulative_reward": 984, "episode_reward": 99, "_timestamp": 1723623004.940548, "_runtime": 79.18619585037231, "_step": 10, "normalized_rewards": 0.9902534113060428, "_wandb": {"runtime": 77}}