{"discounted_reward": 506.06495580269825, "cumulative_reward": 883, "episode_reward": 86, "_timestamp": 1723605735.013826, "_runtime": 1.2807579040527344, "_step": 9, "_wandb": {"runtime": 1}}