{"discounted_reward": 505.05965006704355, "cumulative_reward": 885, "episode_reward": 93, "_timestamp": 1723669413.513583, "_runtime": 1.6016979217529297, "_step": 9, "_wandb": {"runtime": 0}}