{"discounted_reward": 555.7363264135497, "cumulative_reward": 973, "episode_reward": 99, "_timestamp": 1723577443.700052, "_runtime": 1.7624609470367432, "_step": 9, "_wandb": {"runtime": 0}}