{"discounted_reward": 57.93637623333238, "cumulative_reward": 65, "episode_reward": 0, "_timestamp": 1723726566.1234689, "_runtime": 68.45104789733887, "_step": 80, "_wandb": {"runtime": 68}}