{"discounted_reward": 602.2063747517401, "cumulative_reward": 953, "episode_reward": 95, "episode_discount_reward": 60.07638946809845, "_timestamp": 1723774533.653373, "_runtime": 121.87000608444214, "_step": 9, "_wandb": {"runtime": 120}}